opportunity_zone,area_name,borough,candidate_count,center_latitude,center_longitude,mean_pedestrian_score,mean_competition_score,mean_rent_score,mean_average_rank,best_average_rank
9,Upper East Harlem / Harlem River,Manhattan,2,40.824667000000005,-73.93468,0.744,0.099,0.0,3.0,1.0
1,Brownsville / East New York,Brooklyn,1,40.65053,-73.899097,0.826,0.139,0.0,2.0,2.0
3,Brownsville / East New York,Brooklyn,4,40.676405,-73.899097,0.788,0.135,0.16,10.333,3.0
6,East New York / Cypress Hills,Brooklyn,2,40.68203,-73.87827200000001,0.732,0.074,0.132,7.833,5.333
7,East Harlem,Manhattan,1,40.804417,-73.93468,0.713,0.203,0.009,8.0,8.0
2,Brownsville / East New York,Brooklyn,3,40.66403,-73.899097,0.76,0.126,0.203,12.667,8.0
8,Morningside Heights / Manhattanville,Manhattan,1,40.808917,-73.95848,0.745,0.213,0.06,9.667,9.667
4,East New York / Cypress Hills,Brooklyn,1,40.67303,-73.881247,0.633,0.076,0.06,11.333,11.333
5,East New York / Cypress Hills,Brooklyn,1,40.67753,-73.863397,0.61,0.032,0.06,11.333,11.333
