osm_id,name,latitude,longitude
42736282,183rd Street,,
219817432,York Street,,
260302471,96th Street,,
276233212,61st Street–Woodside,,
276319527,Court Square,,
277046860,33rd Street–Rawson Street,,
277046861,40th Street–Lowery Street,,
277046862,46th Street–Bliss Street,,
277047076,21st Street,,
280990453,Forest Avenue,,
280990845,Seneca Avenue,,
410162266,Bowling Green,,
410162267,South Ferry,,
457747471,Broadway,,
462004948,86th Street,,
479847988,Grand Street,,
479847989,Montrose Avenue,,
484068457,Flushing Avenue,,
544355306,28th Street,,
544355596,14th Street–Union Square,,
544355768,28th Street,,
591995252,Canal Street,,
591995518,Broadway–Lafayette Street,,
591996968,Morgan Avenue,,
591997635,5th Avenue,,
591997657,Grand Central–42nd Street,,
591998702,5th Avenue–59th Street,,
592001079,52nd Street–Lincoln Avenue,,
592003200,Harlem–148th Street,,
592003470,163rd Street–Amsterdam Avenue,,
592005191,182nd–183rd Streets,,
597928296,Rector Street,,
597928297,WTC Cortlandt,,
597928298,Chambers Street,,
597928300,Wall Street,,
597928301,East Broadway,,
597928302,Grand Street,,
597928303,Bowery,,
597928305,Broad Street,,
597928309,West 4th Street–Washington Square,,
597928311,2nd Avenue,,
597928312,Essex Street,,
597928315,Lexington Avenue–63rd Street,,
597928316,42nd Street–Bryant Park,,
597928318,Lexington Avenue–59th Street,,
597928319,51st Street,,
597928321,5th Avenue–53rd Street,,
597928322,7th Avenue,,
597928324,57th Street–7th Avenue,,
597928328,Prince Street,,
597928329,8th Street–New York University,,
597928334,Canal Street,,
597928338,23rd Street-Baruch College,,
597928340,Astor Place,,
597928342,Bleecker Street,,
597928343,Spring Street,,
597928345,33rd Street,,
597937460,Jefferson Street,,
597937461,DeKalb Avenue,,
597937470,1st Avenue,,
597937471,Lorimer Street,,
597937472,Graham Avenue,,
597937473,Canal Street,,
597937475,14th Street,,
597937476,3rd Avenue,,
597937477,42nd Street–Port Authority Bus Terminal,,
597937480,Spring Street,,
597937481,23rd Street,,
597937482,28th Street,,
597937484,50th Street,,
597937487,Houston Street,,
597937489,18th Street,,
597937490,Franklin Street,,
598556935,Marcy Avenue,,
622035832,Greenpoint Avenue,,
870320430,Roosevelt Island,,
897519580,Tremont Avenue,,
925651368,Flushing Avenue,,
1011407261,72nd Street,,
1011407282,66th Street–Lincoln Center,,
1012304937,Northern Boulevard,,
1012304939,46th Street,,
1012304941,Steinway Street,,
1049104523,Court Square,,
1261183473,77th Street,,
1261183482,96th Street,,
1279337146,World Trade Center,,
1345137280,Dyckman Street,,
1423440756,Nassau Avenue,,
1638063666,125th Street,,
1740704823,125th Street,,
1740707015,135th Street,,
1740716039,145th Street,,
1763147323,Lorimer Street,,
1763147324,Hewes Street,,
1793478711,79th Street,,
1793478712,86th Street,,
2012627843,3rd Avenue–138th Street,,
2012627846,110th Street,,
2012627848,116th Street,,
2012627855,103rd Street,,
2012627858,125th Street,,
2012644380,Jackson Avenue,,
2012644383,Prospect Avenue,,
2013614597,174th–175th Streets,,
2013618448,167th Street,,
2013618449,155th Street,,
2013618450,170th Street,,
2013622922,116th Street,,
2013622929,103rd Street,,
2013632984,116th Street,,
2013632985,110 St–Malcolm X Plaza,,
2013653492,East 143rd Street–Saint Mary’s Street,,
2013653496,East 149th Street,,
2013661267,Cypress Avenue,,
2013661268,Brook Avenue,,
2013890874,Bedford Avenue,,
2013903253,14th Street,,
2014016913,21st Street–Queensbridge,,
2014086306,57th Street,,
2014092920,City Hall,,
2014101938,155th Street,,
2024879489,Brooklyn Bridge–City Hall,,
2052618392,Chambers Street,,
2052618395,Park Place,,
2052618397,Vernon Boulevard–Jackson Avenue,,
2052618477,Times Square–42nd Street,,
2054217376,Cortlandt Street,,
2054217382,Rector Street,,
2089937611,Metropolitan Avenue,,
3570729204,36th Street,,
3575864772,Astoria–Ditmars Boulevard,,
3575982154,Astoria Boulevard,,
3576050577,30th Avenue,,
3576077814,Broadway,,
3576192674,36th Avenue,,
3576423411,39th Avenue,,
3576694434,Queensboro Plaza,,
3857366828,23rd Street,,
4248884823,Burnside Avenue,,
4248884824,Dyckman Street,,
4248884827,Fordham Road,,
4248884831,Marble Hill–225th Street,,
4248884834,Mount Eden Avenue,,
4248887007,161st Street–Yankee Stadium,,
4248887008,167th Street,,
4248887009,168th Street,,
4248887010,170th Street,,
4248887011,176th Street,,
4248887012,181st Street,,
4248887014,191st Street,,
4248887015,207th Street,,
4248887016,215th Street,,
4248887017,231st Street,,
4459312801,137th Street–City College,,
4459312803,145th Street,,
4459312805,157th Street,,
4460385046,103rd Street,,
4460385049,Cathedral Parkway–110th Street,,
4460385054,116th Street–Columbia University,,
4587293105,72nd Street,,
4587293106,86th Street,,
4587293107,96th Street,,
5104151887,149th Street–Grand Concourse,,
5104151888,3rd Avenue–149th Street,,
5106082760,34th Street–Penn Station,,
5106082761,Times Square–42nd Street,,
5106257816,Christopher Street–Stonewall Station,,
5106257819,Canal Street,,
5300353893,Cathedral Parkway–110th Street,,
5350221083,9th Street,,
5350574432,14th Street,,
5353031435,14th Street,,
5365337595,33rd Street,,
5365369116,Fulton Street,,
5367519866,Wall Street,,
5384807762,68th Street–Hunter College,,
5406624018,34th Street–Penn Station,,
5406627019,125th Street,,
5406632579,145th Street,,
5406637772,181st Street,,
5406637838,190th Street,,
5407610428,23rd Street,,
5407840365,Queens Plaza,,
5407856394,Court Square–23rd Street,,
5407857500,Lexington Avenue–53rd Street,,
5407863335,47th–50th Streets–Rockefeller Center,,
5407899882,Delancey Street,,
5551785161,34th Street–Herald Square,,
5553981244,23rd Street,,
5646503045,Christopher Street,,
5921006942,138th Street–Grand Concourse,,
6422236810,135th Street,,
6437617407,81st Street–Museum of Natural History,,
6437617408,86th Street,,
6437617409,96th Street,,
6441849548,72nd Street,,
6448763951,59th Street–Columbus Circle,,
6562022202,Canal Street,,
6573192624,Whitehall Street–South Ferry,,
6573362692,World Trade Center,,
6573371099,14th Street–Union Square,,
6615147359,Grand Central,,
6615147361,Grand Central–42nd Street,,
6686062942,Inwood–207th Street,,
6693913869,175th Street,,
6751642194,50th Street,,
7142969916,59th Street,,
7218038702,Chambers Street,,
7475505019,Fulton Street,,
7485622818,49th Street,,
7487528086,34th Street–Herald Square,,
7509382446,23rd Street,,
7523716838,Union Square,,
7524708176,Hunters Point Avenue,,
7524708177,34th Street–Hudson Yards,,
7613305937,59th Street–Columbus Circle,,
7613305938,8th Avenue,,
7613305939,Times Square–42nd Street,,
7613305940,Times Square,,
7613305942,6th Avenue,,
7613354754,Canal Street,,
7613354755,149th Street–Grand Concourse,,
7613354756,161st Street–Yankee Stadium,,
7613354757,168th Street,,
7613424150,Fulton Street,,
7613424151,Fulton Street,,
