loc,street_nam,from_stree,to_street,latitude,longitude,may26_am,may26_md,may26_pm,food_activity_raw
35,Broad Street,Beaver Street,South William Street,40.70463665187375,-74.01155687409947,2676.0,1831.0,4405.0,3118.0
36,Broadway,Morris Street,Exchange Place,40.70634164448271,-74.01286204592034,2791.0,6776.0,7882.0,7329.0
37,Broadway,West 63rd Street,West 64th Street,40.7718134030119,-73.98219706247882,1605.0,3684.0,5452.0,4568.0
38,Chambers Street,West Broadway,Greenwich Street,40.715904559004244,-74.01009312926121,4677.0,2190.0,5883.0,4036.5
39,Columbus Avenue,West 75th Street,West 76th Street,40.77968082763136,-73.97713579908014,1340.0,3840.0,4183.0,4011.5
40,Delancey Street,Orchard Street,Ludlow Street,40.718989359353586,-73.98936305063111,1217.0,3547.0,4315.0,3931.0
41,East 14th Street,Fifth Avenue,University Place,40.73559926423828,-73.99265748471083,2370.0,4799.0,9169.0,6984.0
42,East 42 Street,Park Avenue,Lexington Avenue,40.75169473512389,-73.97665547944715,7285.0,6138.0,16297.0,11217.5
43,East 8th Street,University Place,Greene Street,40.731436017707075,-73.99441204702927,1177.0,2617.0,5621.0,4119.0
44,Eighth Avenue,West 44th Street,West 45th Street,40.7588482835213,-73.98861503057542,5915.0,11075.0,18498.0,14786.5
45,Fifth Avenue,East 54th Street,East 55th Street,40.761353610911776,-73.97514418621735,4182.0,10980.0,15006.0,12993.0
46,Forsyth Street,Canal Street,Division Street,40.71493552371378,-73.99451531515767,1087.0,2961.0,3096.0,3028.5
47,Fulton Street,Broadway,Nassau Street,40.71055376746076,-74.0084036486757,3728.0,3910.0,8377.0,6143.5
48,Fulton Street,Cliff Street,Pearl Street,40.70806272095774,-74.00451806937401,1908.0,2959.0,6009.0,4484.0
49,Lexington Avenue,East 57th Street,East 58th Street,40.761264607952285,-73.96888735867235,3686.0,2688.0,7911.0,5299.5
50,Madison Avenue,East 71st Street,East 72 Street,40.77144062263456,-73.96568512678532,940.0,3223.0,3154.0,3188.5
51,Seventh Avenue,West 32 Street,West 33rd Street,40.749996387066574,-73.99134284997088,7281.0,8617.0,18567.0,13592.0
52,Trinity Place,Rector Street,Thames Street,40.708351612740366,-74.01257537541983,1355.0,1776.0,2573.0,2174.5
53,Wall Street,New Street,Nassau Street,40.70733537559069,-74.01098647762808,4057.0,4818.0,8468.0,6643.0
54,West 125th Street,Adam C. Powell Boulevard,Lenox Avenue,40.80842973710492,-73.94703781905247,1942.0,4632.0,9744.0,7188.0
55,West 14th Street,Hudson Street,Eighth Avenue,40.740305392828965,-74.00384095197924,2648.0,5374.0,8431.0,6902.5
56,West 181st Street,St. Nicholas Avenue,Wadsworth Avenue,40.84958094443508,-73.93434784508338,1202.0,3567.0,5536.0,4551.5
57,West 34th Street,Broadway,Seventh Avenue,40.75045405486473,-73.98934552114228,7448.0,9658.0,20003.0,14830.5
58,West 40th Street,Avenue of the Americas,Fifth Avenue,40.752843606340384,-73.98335689692979,4189.0,3334.0,10748.0,7041.0
59,West 47th Street,Avenue of the Americas,Fifth Avenue,40.757338486389926,-73.98017962622333,2002.0,2634.0,6054.0,4344.0
60,Seco Avenue,50th Street,51st Street,40.755190220332366,-73.96829307507049,2106.0,2546.0,5245.0,3895.5
61,Third Avenue,50th Street,51st Street,40.75613758564416,-73.97053303866996,3734.0,2546.0,7758.0,5152.0
62,Lexington Avenue,50th Street,51st Street,40.756810835163854,-73.97213382742112,4250.0,2343.0,7724.0,5033.5
63,Park Avenue,50th Street,51st Street,40.75753624831215,-73.97385284104773,5407.0,1393.0,10307.0,5850.0
64,Madison Avenue,50th Street,51st Street,40.75817343083521,-73.97536263666144,4968.0,2015.0,9630.0,5822.5
65,Fifth Avenue,50th Street,51st Street,40.75885135958746,-73.97697246269053,3940.0,10999.0,12892.0,11945.5
66,Sixth Avenue,50th Street,51st Street,40.76021178450935,-73.98019868261785,5540.0,6607.0,16178.0,11392.5
67,Seventh Avenue,50th Street,51st Street,40.76140611887666,-73.98303507483828,3756.0,5651.0,9965.0,7808.0
68,Broadway,50th Street,51st Street,40.76174395517826,-73.98383919698608,2675.0,5859.0,11499.0,8679.0
69,Eighth Avenue,50th Street,51st Street,40.76257065006476,-73.98589867014988,3573.0,6271.0,10824.0,8547.5
70,Hudson River Greenway,50th Street,51st Street,40.7673124325193,-73.99694382805035,657.0,957.0,1341.0,1149.0
