the_geom,objectid,loc,borough,street_nam,from_stree,to_street,iex,may_07_am,may_07_pm,may_07_md,sept_07_am,sept_07_pm,sept_07_md,may_08_am,may_08_pm,may_08_md,sept_08_am,sept_08_pm,sept_08_md,may_09_am,may_09_pm,may_09_md,sept_09_am,sept_09_pm,sept_09_md,may_10_am,may_10_pm,may_10_md,sept_10_am,sept_10_pm,sept_10_md,may_11_am,may_11_pm,may_11_md,sept_11_am,sept_11_pm,sept_11_md,may_12_am,may_12_pm,may_12_md,sept_12_am,sept_12_pm,sept_12_md,may_13_am,may_13_pm,may_13_md,sept_13_am,sept_13_pm,sept_13_md,may_14_am,may_14_pm,may_14_md,sept_14_am,sept_14_pm,sept_14_md,may_15_am,may_15_pm,may_15_md,sept_15_am,sept_15_pm,sept_15_md,may_16_am,may_16_pm,may_16_md,sept_16_am,sept_16_pm,sept_16_md,may_17_am,may_17_pm,may_17_md,sept_17_am,sept_17_pm,sept_17_md,may_18_am,may_18_pm,may_18_md,sept_18_am,sept_18_pm,sept_18_md,may_19_am,may_19_pm,may_19_md,oct_20_am,oct_20_pm,oct_20_md,may_21_am,may_21_pm,may_21_md,oct_21_am,oct_21_pm,oct_21_md,may_22_am,may_22_p_m,may_22_md,oct_22_am,oct_22_pm,oct_22_md,may_23_am,may_23_p_m,may_23_md,oct_23_am,oct_23_pm,oct_23_md,june_24_am,june_24_pm,june_24_md,oct24_am,oct24_pm,oct24_md,may25_am,may25_pm,may25_md,oct25_am,oct25_pm,oct25_md,may26_am,may26_md,may26_pm
POINT (-73.90459140730678 40.87919896648574),1,1,Bronx,Broadway,West 231st Street,Naples Terrace,N,1189.0,4094.0,2508.0,734.0,2646.0,2939.0,802.0,4015.0,2631.0,1125.0,4310.0,3420.0,1001,3475,2832,991.0,4262.0,2469.0,1010,3609,3128,863,4119,2217,997,4440,2687,1328,3820,2428,1288,3328,3365,1268,4315,2276,1210,4710,3825,1206,4590,3008,1220,4384,2641,1450,4646,2996,1788,4980,3033,1204,4520,2999,1246,4531,2686,1309,3642,2830,1916,5893,2776,1111,4044,2731,1271,4502,2899,1708,4464,2967,,,,486.0,2843.0,1754.0,630.0,3262.0,1710.0,808.0,2807.0,2230.0,737.0,2343.0,1883.0,745.0,2637.0,2241.0,1897.0,5018.0,2496.0,935.0,3759.0,1745.0,901.0,3482.0,2052.0,1031.0,4097.0,2229.0,811.0,2420.0,2224.0,753.0,3910.0,2473.0,881.0,2476.0,3337.0
POINT (-73.92188432870218 40.82662794123292),2,2,Bronx,East 161st Street,Gra Concourse,Sheridan Avenue,Y,1511.0,3184.0,1971.0,1855.0,3754.0,1183.0,1136.0,2638.0,1522.0,1939.0,3283.0,1383.0,1351,3111,1304,1227.0,3137.0,2762.0,2077,3283,1409,1007,3069,1477,1734,3333,1772,2051,3525,1752,1233,1875,1912,2113,4099,1970,2278,4215,2288,2071,3890,1832,2206,4363,2315,1949,4435,2388,2318,4589,2483,2005,4790,2512,2053,4721,2311,2109,5485,2548,1848,4920,2143,2389,5952,2832,1749,5148,2156,2006,4723,1604,1702.0,4347.0,1576.0,780.0,1892.0,1287.0,1405.0,2097.0,1410.0,2191.0,3786.0,1770.0,2242.0,4227.0,2168.0,2608.0,4277.0,1867.0,2384.0,4600.0,2064.0,2822.0,5050.0,1287.0,2113.0,4155.0,1493.0,3016.0,4685.0,1655.0,2928.0,4168.0,2468.0,2655.0,4710.0,1486.0,2048.0,630.0,2754.0
POINT (-73.89535781584335 40.86215460031517),3,3,Bronx,East Fordham Road,Valentine Avenue,Tiebout Avenue,Y,1832.0,12311.0,14391.0,1829.0,9215.0,15065.0,1061.0,8013.0,7927.0,2497.0,10010.0,8013.0,1689,8374,7472,2387.0,10655.0,6614.0,2285,10943,10424,2807,12658,7714,2289,15890,9167,2679,13548,8140,2125,7635,7022,2704,10486,7421,2710,12723,8872,2651,10613,8241,2699,12490,6339,2752,10408,8266,2382,11216,7574,2733,10586,9072,2540,11272,8422,2422,11145,9775,2557,12125,6499,2783,12388,7076,2209,9634,7066,2246,8931,6212,1625.0,11739.0,7468.0,972.0,6976.0,5058.0,942.0,5576.0,4402.0,1798.0,7296.0,4864.0,1501.0,5950.0,4987.0,1662.0,6572.0,4765.0,1654.0,6918.0,4696.0,1560.0,6880.0,2453.0,1485.0,7125.0,3819.0,1689.0,6405.0,4417.0,1599.0,4936.0,4688.0,1765.0,7176.0,4672.0,1688.0,4082.0,6081.0
POINT (-73.87892467324478 40.8812869959873),4,4,Bronx,East Gun Hill Road,Bainbridge Avenue,Rochambeau Avenue,N,764.0,2673.0,1798.0,1360.0,1975.0,872.0,2102.0,3206.0,1989.0,3020.0,3915.0,1662.0,1536,2997,1672,2097.0,3135.0,1591.0,2954,3962,1717,1622,3006,1344,1661,2844,1510,1996,2836,1587,1906,2066,1261,2371,3500,1620,2052,3981,1979,2373,3660,1914,2096,3378,1333,2382,3425,1339,1757,3561,1714,2256,2923,1574,2066,2944,1752,2017,2771,1459,2125,3130,1123,2453,3429,1551,1648,2892,1323,1944,2682,1693,,,,953.0,2063.0,1185.0,946.0,1211.0,1161.0,1503.0,1978.0,689.0,1350.0,2082.0,1063.0,1448.0,2120.0,1032.0,1398.0,2280.0,1303.0,1404.0,2089.0,807.0,1394.0,2023.0,1190.0,1495.0,2474.0,1073.0,1261.0,1779.0,1133.0,1565.0,2288.0,1214.0,1375.0,1093.0,2159.0
POINT (-73.88956389732787 40.844636776717664),5,5,Bronx,East Tremont Avenue,Prospect Avenue,Clinton Avenue,N,650.0,2538.0,2334.0,1078.0,2739.0,2343.0,553.0,2438.0,1652.0,756.0,3095.0,1374.0,684,2660,2604,912.0,3637.0,2339.0,1075,5823,4085,1012,5785,3758,1093,6119,4274,1049,5859,3934,627,1503,2371,959,3140,2273,1007,4175,2854,760,3488,2805,971,3586,2460,1019,3184,2366,1055,3710,2554,1063,3296,2466,993,3625,2492,1101,3336,2501,980,3700,2526,1082,3330,2479,1016,3781,2565,975,3761,2461,,,,357.0,1997.0,1719.0,444.0,2382.0,1384.0,714.0,2356.0,1502.0,669.0,1508.0,1606.0,774.0,2084.0,1611.0,730.0,2077.0,1578.0,786.0,2140.0,1115.0,550.0,1455.0,1563.0,725.0,2329.0,1888.0,714.0,1585.0,1522.0,777.0,2512.0,1695.0,849.0,1550.0,2233.0
POINT (-73.92087824799184 40.83015855511035),6,6,Bronx,Gra Concourse,East 164th Street,East 165th Street,Y,489.0,1235.0,835.0,873.0,1457.0,631.0,634.0,1554.0,856.0,771.0,1445.0,744.0,605,1271,539,599.0,1028.0,750.0,597,1426,669,634,1341,738,753,1394,891,802,1396,859,838,1372,1069,936,1743,1059,912,2059,1037,963,1726,973,858,2035,1042,972,1902,1097,839,2023,1059,999,1948,1161,767,1933,1010,982,1971,1165,740,1909,925,962,1872,1199,757,1933,956,1158,1986,686,694.0,1881.0,816.0,511.0,1459.0,689.0,500.0,878.0,586.0,919.0,1416.0,886.0,718.0,1121.0,806.0,684.0,1175.0,1146.0,551.0,1194.0,780.0,538.0,1035.0,537.0,621.0,1403.0,478.0,684.0,1356.0,644.0,1213.0,1558.0,849.0,537.0,1057.0,504.0,598.0,706.0,1399.0
POINT (-73.91635737290386 40.81688745834867),7,7,Bronx,Third Avenue,East 150th Street,East 151st Street,Y,703.0,8776.0,2865.0,858.0,6503.0,5501.0,636.0,6123.0,4461.0,1499.0,5803.0,4251.0,1696,7236,3540,1446.0,6730.0,7409.0,1624,6877,4565,1701,6922,4866,1773,7138,5866,1937,7050,4951,1367,6961,5551,1604,7500,5012,2097,8853,6599,1231,6701,4294,2161,9048,6717,1648,9057,6785,2165,9285,6721,1690,7894,6844,2059,9097,6688,1689,7885,6900,2027,9045,6683,1702,7883,6921,1817,9048,5956,1649,9087,4470,1136.0,6589.0,4967.0,778.0,4641.0,3020.0,567.0,2571.0,3433.0,1138.0,5781.0,3287.0,995.0,5361.0,3866.0,1260.0,5443.0,3324.0,1594.0,6292.0,4086.0,1352.0,5744.0,2439.0,1037.0,6293.0,3353.0,1400.0,5356.0,3078.0,1354.0,4288.0,3404.0,1234.0,5601.0,3438.0,1169.0,3414.0,5276.0
POINT (-73.86767352599497 40.85558871971955),8,8,Bronx,White Plains Road,Pelham Parkway South,Lydig Avenue,Y,1025.0,4039.0,3991.0,1743.0,4667.0,3309.0,1638.0,4798.0,4858.0,1056.0,3194.0,2489.0,990,3490,3335,1461.0,5090.0,2526.0,1375,4834,3095,1568,4386,2217,1545,4402,2985,1689,3016,2360,1626,3415,3828,1591,5398,3851,1410,4232,3007,1479,4910,4056,1495,5166,2540,1769,4114,2893,1512,4333,3122,1537,4379,3092,1638,5900,2582,1377,4098,2730,1186,4673,3420,2023,5520,3166,1601,5059,3391,1493,4011,2566,1305.0,5007.0,3326.0,728.0,3556.0,2238.0,763.0,4344.0,2204.0,1108.0,3983.0,2891.0,1263.0,4291.0,2491.0,1003.0,3493.0,2441.0,1096.0,4096.0,2655.0,1092.0,3891.0,1589.0,1035.0,4040.0,2130.0,1227.0,3765.0,2205.0,973.0,3085.0,2193.0,1208.0,4137.0,2212.0,1250.0,2264.0,3921.0
POINT (-74.01119296689038 40.64426682358741),9,9,Brooklyn,5th Avenue,51st Street,52 Street,Y,856.0,5940.0,4354.0,900.0,5435.0,5081.0,886.0,7054.0,4806.0,1062.0,5072.0,5901.0,914,5730,4619,1364.0,5475.0,4740.0,982,5570,5371,946,5585,4577,1350,7743,6135,1445,8170,4999,1306,3662,4731,1419,4864,6325,1457,6509,6070,1658,6627,5690,1522,7718,6313,1721,7988,6391,1791,7802,6762,1655,7502,6082,1531,7296,6014,1642,8130,5763,1517,7384,5356,1563,4730,5563,1197,4909,4515,1210,4821,4401,652.0,1402.0,1125.0,,,,1677.0,9439.0,5579.0,1221.0,4455.0,4151.0,1167.0,4184.0,3781.0,948.0,3673.0,3978.0,3229.0,14631.0,10699.0,1096.0,4642.0,3791.0,1030.0,4297.0,3027.0,1172.0,4990.0,3355.0,997.0,4271.0,3592.0,1120.0,4327.0,3656.0,1045.0,3210.0,4560.0
POINT (-73.98067647018506 40.676093537146265),10,10,Brooklyn,5th Avenue,Union Street,President Street,Y,504.0,2207.0,2225.0,422.0,2167.0,1627.0,672.0,2707.0,966.0,487.0,1898.0,2321.0,469,2547,2259,774.0,2310.0,1690.0,582,2274,2808,661,3063,2141,631,2915,2852,591,2848,2307,666,1414,2620,723,3255,2468,688,2764,2554,794,2513,2591,800,3051,3080,955,2390,1962,900,2492,3081,922,2955,2681,941,2751,3131,951,2911,2248,812,2570,2298,905,2463,1679,743,2252,2286,736,2297,2196,849.0,6007.0,4865.0,539.0,1983.0,3144.0,536.0,2564.0,1429.0,713.0,2334.0,2118.0,646.0,2499.0,2503.0,592.0,2091.0,2416.0,657.0,2464.0,2456.0,604.0,2239.0,2389.0,570.0,2185.0,1615.0,694.0,2284.0,2360.0,669.0,2600.0,2469.0,675.0,2519.0,1983.0,598.0,2282.0,2625.0
POINT (-73.98134205800814 40.66717415129596),11,11,Brooklyn,7th Avenue,9th Street,8th Street,Y,2345.0,4089.0,2519.0,2167.0,3801.0,1917.0,3259.0,4733.0,2682.0,2646.0,3900.0,3110.0,2233,3986,2944,2718.0,4033.0,2212.0,2635,3881,3436,2888,5261,2611,2713,4018,3026,1944,3832,2311,2583,2641,3858,3050,4019,3058,2917,4540,3242,3241,4642,2709,3479,3914,3293,3009,3314,2215,2165,3920,2742,3553,4217,2050,3134,4792,2925,1838,4557,2520,3108,4288,3721,3494,4122,2450,3112,4227,2968,3567,3764,1605,2117.0,4767.0,2966.0,1128.0,2731.0,2452.0,1646.0,3313.0,1747.0,2606.0,3506.0,1935.0,2629.0,4522.0,1986.0,2959.0,3343.0,2065.0,2747.0,3618.0,2457.0,3031.0,3989.0,2204.0,2229.0,3773.0,1987.0,2945.0,3935.0,2239.0,3167.0,4330.0,2854.0,3079.0,4429.0,2390.0,2847.0,2540.0,3655.0
POINT (-74.02728680504437 40.622138829200395),12,12,Brooklyn,86th Street,4th Avenue,5th Avenue,Y,983.0,4193.0,3886.0,1073.0,5202.0,3402.0,1119.0,5128.0,4606.0,1092.0,4946.0,4323.0,1049,4674,4406,1038.0,4032.0,2629.0,1012,4519,4063,1039,4462,3549,1211,5288,4464,1236,6226,4179,1118,3466,6416,1533,5237,4778,1406,5814,5289,1452,5233,5124,1534,5281,4049,1177,5615,3740,1473,6828,5036,1678,5514,4362,1456,4475,5356,1561,6338,5412,1611,6632,4163,1441,5004,3638,1507,5359,3652,1468,5708,3513,1149.0,5605.0,4176.0,741.0,3702.0,3152.0,720.0,3523.0,1547.0,1108.0,3376.0,2391.0,1084.0,3788.0,2375.0,1157.0,3869.0,2970.0,1744.0,4841.0,2351.0,1101.0,3673.0,2164.0,1512.0,4308.0,2126.0,1864.0,6004.0,2702.0,1260.0,4737.0,2753.0,1248.0,4898.0,3175.0,1294.0,2351.0,4315.0
POINT (-73.98983165443038 40.68884781602201),13,13,Brooklyn,Atlantic Avenue,Boerum Place,Smith Street,N,357.0,889.0,836.0,356.0,1063.0,831.0,473.0,1335.0,742.0,411.0,1147.0,984.0,363,1216,865,228.0,902.0,766.0,387,1701,1189,399,1385,967,366,1273,1284,376,1175,1366,397,756,1374,499,1182,1469,442,1637,1402,506,1561,1309,440,1605,1816,518,1497,1340,462,1528,1272,498,1807,962,583,1916,1914,561,1706,1385,553,2253,2134,603,2018,1935,581,2219,2137,598,2133,1466,,,,395.0,1516.0,2084.0,456.0,1626.0,1093.0,544.0,1888.0,1600.0,437.0,1823.0,1640.0,475.0,1734.0,2134.0,502.0,2301.0,1610.0,578.0,1930.0,1985.0,410.0,2002.0,1314.0,501.0,2269.0,1956.0,569.0,2233.0,1825.0,508.0,2407.0,2006.0,531.0,1823.0,2465.0
POINT (-73.95802234844946 40.71755737770773),14,14,Brooklyn,Bedford Avenue,North 7th Street,North 6th Street,Y,1852.0,4462.0,3432.0,1875.0,3619.0,3254.0,1823.0,4299.0,3526.0,1951.0,4778.0,4048.0,1544,5501,4110,2001.0,5136.0,4045.0,2179,5234,4727,1773,5090,4184,2434,6391,5872,2109,5692,3690,2817,4144,5649,1984,6429,5619,2300,6527,6351,2593,6261,5405,2585,6453,4951,3463,7600,5494,2765,7266,4585,2714,6300,4630,2621,6058,5038,3410,8301,5014,2930,8736,6209,2566,6127,3572,2938,7961,4897,3234,7524,7034,3120.0,8882.0,5323.0,1224.0,4210.0,4297.0,1708.0,4472.0,3315.0,2471.0,5750.0,4804.0,2657.0,7338.0,5603.0,3033.0,7532.0,4772.0,2712.0,7657.0,4914.0,3187.0,8120.0,4335.0,1094.0,4587.0,4194.0,1135.0,4835.0,4316.0,3524.0,8882.0,6502.0,3696.0,9202.0,6802.0,2758.0,5187.0,6471.0
POINT (-73.96276340616195 40.57732714149917),15,15,Brooklyn,Brighton Beach Avenue,Brighton 4th Street,Brighton 5th Street,Y,1204.0,5968.0,5178.0,1215.0,6095.0,5230.0,2002.0,7419.0,7729.0,1828.0,6420.0,5920.0,1411,6106,5935,1537.0,5590.0,6140.0,1332,5744,4994,1489,6080,5098,1427,5859,4093,1608,5520,5463,1183,3189,4868,1447,5272,5747,1515,5960,5442,1424,6068,5397,1596,6037,4804,1752,6397,4453,1368,6314,4918,1687,5859,5431,1471,5257,5266,1531,5930,5092,1791,6544,4502,1575,5315,4827,1566,6064,4686,1048,5788,4451,1262.0,5598.0,4989.0,716.0,4504.0,3670.0,967.0,4644.0,2524.0,1093.0,4087.0,3572.0,1128.0,4587.0,3462.0,1189.0,4972.0,4357.0,1332.0,5410.0,4155.0,1390.0,4935.0,4031.0,1286.0,5523.0,3646.0,1318.0,5044.0,3979.0,1276.0,4650.0,3773.0,1262.0,5375.0,4061.0,1389.0,3298.0,4572.0
POINT (-73.94908133692475 40.650831467717424),16,16,Brooklyn,Church Avenue,Nostra Avenue,East 31st Street,Y,2105.0,4562.0,1703.0,2267.0,4737.0,2517.0,1681.0,3702.0,2147.0,2290.0,3962.0,2015.0,2086,4620,1971,2045.0,4470.0,1885.0,2040,4764,2533,2265,4908,2894,2309,4858,2628,2151,4220,1927,1268,1113,3157,1966,4452,2540,2557,4871,3267,3074,6095,3235,2453,5196,2016,2792,4516,2768,1925,4137,2528,1680,4884,2375,2084,3832,2282,2024,4229,2040,2441,3888,2533,2213,3864,2368,2102,4744,2435,1958,4422,2258,1710.0,4259.0,2404.0,,,,964.0,2442.0,1735.0,1293.0,3135.0,1987.0,1359.0,3139.0,1838.0,1316.0,3278.0,1827.0,1368.0,3342.0,2312.0,1993.0,4623.0,1393.0,1259.0,3124.0,1746.0,1494.0,3390.0,2012.0,1179.0,4095.0,2029.0,1851.0,4216.0,2125.0,1442.0,1899.0,3374.0
POINT (-73.96573732115321 40.64062739307868),17,17,Brooklyn,Cortelyou Road,Argyle Road,Rugby Road,N,1708.0,2459.0,1233.0,1324.0,2495.0,1431.0,1756.0,1952.0,1317.0,2014.0,2704.0,1961.0,1762,2478,1553,1856.0,2345.0,1533.0,2110,2977,1731,2587,2997,1809,2195,3492,1883,2489,3097,1823,2120,2381,1854,2295,3066,1755,2060,2936,1938,1743,2692,1543,1828,3007,1694,1876,2878,1486,1880,3042,1544,1608,2762,2439,2074,2634,1939,2570,2747,3234,2052,3015,1712,2598,3427,2107,2056,2855,2190,2200,2625,1512,,,,772.0,2072.0,2469.0,1299.0,1798.0,1252.0,2128.0,2336.0,1243.0,1647.0,2731.0,1629.0,2001.0,2751.0,1450.0,1711.0,2818.0,1386.0,1922.0,2740.0,2232.0,1793.0,2650.0,1164.0,2045.0,3088.0,1440.0,1834.0,2755.0,1507.0,1883.0,3009.0,1576.0,2026.0,1648.0,3295.0
POINT (-73.99249336775775 40.68942537824676),18,18,Brooklyn,Court Street,Atlantic Avenue,Pacific Street,Y,1910.0,3716.0,3013.0,1920.0,3508.0,2293.0,1590.0,3486.0,2319.0,1763.0,3553.0,2540.0,1727,4225,2863,1223.0,2992.0,2640.0,1573,4214,2662,1659,4621,3028,2320,4597,3887,2096,3915,4100,1740,2405,3274,1932,4402,3863,1687,5174,3605,1952,5266,3787,1844,4426,4856,2126,4943,4048,1761,4714,7496,1987,5846,3163,2003,5309,4003,2308,4503,3170,2347,5287,4713,2341,5129,3671,2070,4247,3937,1925,3822,3236,1901.0,6108.0,4510.0,1017.0,2672.0,2464.0,1284.0,3320.0,2448.0,1819.0,4359.0,3642.0,1623.0,4256.0,3231.0,1694.0,3801.0,3771.0,2071.0,5554.0,2948.0,2047.0,4243.0,3748.0,1544.0,4165.0,1164.0,2069.0,5085.0,4117.0,2138.0,4911.0,3756.0,1628.0,5042.0,3911.0,1780.0,2814.0,4694.0
POINT (-73.96818725047231 40.67292523719001),19,19,Brooklyn,Eastern Parkway,Plaza Street East,Uerhill Avenue,Y,739.0,1572.0,2534.0,543.0,1152.0,1027.0,643.0,1367.0,2999.0,785.0,1274.0,1759.0,629,880,2408,755.0,1496.0,3102.0,577,1647,2951,812,1695,2738,412,1792,4699,525,1094,2670,571,1133,2024,1228,1623,1842,970,2269,4276,752,2010,3458,687,2127,3828,1026,1931,2565,824,1884,2511,995,2042,3333,1037,2601,2078,1161,2381,3082,1217,2749,2205,1424,2276,2670,971,1750,4437,1009,2062,3147,980.0,2047.0,3111.0,585.0,1734.0,2283.0,992.0,2330.0,2385.0,986.0,2816.0,3333.0,1005.0,2667.0,2655.0,0.0,1912.0,3730.0,1125.0,2509.0,3188.0,611.0,1188.0,1690.0,1793.0,2650.0,1656.0,1034.0,2067.0,3678.0,1121.0,2497.0,3317.0,1480.0,2896.0,3558.0,1181.0,2901.0,2455.0
POINT (-73.9214952312361 40.6089208214552),20,20,Brooklyn,Flatbush Avenue,Avenue U,Avenue V,N,329.0,1770.0,1355.0,276.0,1414.0,1036.0,254.0,1401.0,1473.0,286.0,2034.0,1238.0,251,1243,1251,436.0,1573.0,1398.0,424,1731,1563,214,1155,989,269,1083,1283,184,1079,870,197,1071,1765,347,1554,1757,312,1827,2077,307,1219,2014,325,1618,1919,273,1622,1500,453,1661,1523,317,1420,1254,238,816,1449,372,2698,1487,386,1792,1387,236,999,939,274,1505,1306,320,1361,1159,,,,165.0,1367.0,1252.0,256.0,1431.0,1079.0,302.0,1564.0,1160.0,358.0,1628.0,1337.0,273.0,1975.0,1447.0,283.0,1401.0,1271.0,185.0,675.0,812.0,181.0,736.0,685.0,180.0,484.0,618.0,298.0,1257.0,972.0,350.0,1808.0,1448.0,333.0,941.0,1287.0
POINT (-73.95882184227794 40.650810536749546),21,21,Brooklyn,Flatbush Avenue,Martense Street,Church Avenue,Y,978.0,5240.0,5106.0,917.0,4188.0,3097.0,772.0,3181.0,2023.0,1101.0,5312.0,2351.0,795,5640,1985,1029.0,4897.0,3047.0,1311,4775,2678,1186,4813,4735,837,3982,2197,978,4959,3917,605,482,1855,1011,4044,3530,1068,4481,3463,1046,4091,3695,912,4854,2505,960,3974,2338,858,3832,3665,1001,4588,3058,1280,3936,3960,1037,4115,2642,903,3955,3370,1032,4343,2716,1169,4352,3516,896,3665,3299,1216.0,5613.0,4416.0,479.0,2576.0,2102.0,626.0,2617.0,2052.0,847.0,2680.0,2222.0,703.0,2789.0,2446.0,820.0,2927.0,2313.0,931.0,3131.0,2524.0,896.0,2805.0,1555.0,826.0,3275.0,2206.0,924.0,2850.0,2148.0,1153.0,3890.0,3106.0,1194.0,3763.0,3024.0,1479.0,3088.0,4351.0
POINT (-73.97390965382397 40.67918699313476),22,22,Brooklyn,Flatbush Avenue,St. Marks Avenue,Prospect Place,N,497.0,1413.0,1478.0,547.0,1095.0,1191.0,477.0,1675.0,1211.0,582.0,1645.0,1204.0,544,1499,1378,539.0,1568.0,1223.0,584,1462,1787,529,1616,1168,566,1794,1568,513,1909,1336,1435,1672,2007,645,1723,1727,527,2083,2233,759,2257,1631,631,1795,1920,729,1660,1583,699,2090,1699,685,2542,1486,714,2244,1524,808,2407,1461,895,2459,1794,882,2678,1380,839,2224,2618,697,2098,2091,,,,498.0,1714.0,1678.0,527.0,1886.0,1236.0,684.0,1872.0,1626.0,621.0,1942.0,1567.0,693.0,2166.0,1729.0,695.0,2157.0,1693.0,703.0,2095.0,1594.0,734.0,2376.0,1360.0,808.0,2353.0,2020.0,724.0,2263.0,1747.0,723.0,2324.0,2638.0,802.0,1762.0,2383.0
POINT (-73.98588670734839 40.69087186438648),23,23,Brooklyn,Fulton Street,Lawrence Street,Bridge Street,Y,1478.0,12249.0,7411.0,1803.0,14617.0,8643.0,1789.0,15733.0,5051.0,1673.0,9081.0,6790.0,1548,11949,6307,1330.0,11540.0,7892.0,1209,9358,7390,1271,10239,6091,1507,9556,6993,1507,8732,5690,1431,4254,3267,1791,9605,6033,1858,11211,6932,1981,11392,6045,1865,10265,6022,2014,11906,5999,2006,11648,7232,1671,10164,5037,2045,10872,6656,2289,10775,6572,1785,9793,6073,2003,11406,6445,1927,8871,6617,1935,9704,5455,1952.0,11619.0,6514.0,875.0,5336.0,3863.0,956.0,4438.0,4426.0,1424.0,6394.0,5088.0,1200.0,7338.0,4868.0,1415.0,7814.0,4465.0,1342.0,7154.0,4246.0,1830.0,8354.0,3416.0,1300.0,7943.0,3816.0,1492.0,7434.0,4630.0,1503.0,7387.0,4201.0,1512.0,7403.0,4168.0,1701.0,3909.0,7283.0
POINT (-73.94255463338305 40.703408264633794),24,24,Brooklyn,Graham Avenue,Moore Street,Varet Street,Y,864.0,3732.0,2863.0,854.0,3322.0,3785.0,740.0,3066.0,2552.0,793.0,2814.0,3020.0,1025,4689,3161,734.0,3071.0,2370.0,867,2880,2940,885,2710,2807,882,4629,2751,1031,4959,1953,886,2172,607,995,4250,4025,818,4435,4035,905,3921,3626,995,4051,4952,944,4006,3491,742,3493,3812,477,2506,2305,742,3431,3438,855,2526,2459,845,3061,3576,1004,4347,1833,724,3197,3287,788,2669,3261,518.0,3124.0,3233.0,386.0,2440.0,2398.0,407.0,2335.0,2102.0,614.0,2333.0,2315.0,500.0,2373.0,2238.0,446.0,1911.0,2085.0,472.0,2234.0,1969.0,500.0,2159.0,1405.0,451.0,2056.0,1647.0,544.0,2194.0,1936.0,492.0,2402.0,4744.0,478.0,2236.0,1966.0,503.0,1947.0,2551.0
POINT (-73.9446668043415 40.71156922033028),25,25,Brooklyn,Gra Street,Manhattan Avenue,Graham Avenue,N,401.0,1772.0,1305.0,918.0,3090.0,1893.0,359.0,1063.0,729.0,488.0,1106.0,1392.0,316,980,817,365.0,1468.0,1303.0,495,1563,1326,593,1446,1304,316,1433,1228,554,2174,1199,465,829,1352,411,1249,1117,479,1596,1655,526,1571,1280,632,1857,1680,573,1537,1363,487,1446,1233,725,2294,1193,665,2094,1235,746,2573,1146,790,2787,965,606,2013,1029,357,1373,1310,433,1086,1301,,,,192.0,924.0,823.0,336.0,1321.0,927.0,494.0,1377.0,899.0,392.0,1320.0,907.0,372.0,1130.0,1005.0,419.0,1371.0,865.0,666.0,1616.0,782.0,419.0,1179.0,918.0,485.0,1470.0,960.0,430.0,1398.0,1078.0,438.0,1518.0,1072.0,532.0,1199.0,1879.0
POINT (-73.98727479290567 40.69272414021878),26,26,Brooklyn,Jay Street,Willoughby Street,Metrotech Walk,Y,1946.0,3552.0,3066.0,3280.0,6321.0,1478.0,2636.0,5102.0,1024.0,2770.0,4956.0,1435.0,2519,5538,1383,2856.0,3665.0,962.0,3201,8284,2572,2384,3781,1496,2259,3458,1530,3240,4962,1756,2850,3362,2432,4210,7426,2605,3758,6695,2367,3960,6873,1852,2846,5959,2379,2439,4358,1863,4151,6908,2361,2212,4245,895,2556,4267,1582,3598,5068,2635,3166,6533,2455,4338,7010,2353,2994,5323,2562,3887,5466,2025,3212.0,5886.0,1765.0,1028.0,1808.0,860.0,,,,,,,,,,,,,,,,,,,,,,,,,,,,,,,,,
POINT (-73.95959352755617 40.608201460936),27,27,Brooklyn,Kings Highway,East 13th Street,East 14th Street,N,1368.0,4727.0,2866.0,887.0,3524.0,2125.0,1382.0,4287.0,2699.0,1541.0,5990.0,3059.0,1156,5009,3390,1766.0,5651.0,3174.0,1507,5041,2966,1479,5117,2562,1980,5447,2886,2126,5995,3610,1476,3426,1996,1744,5673,2766,1552,5581,2585,2397,6054,3471,1512,4987,2657,1636,5081,2890,1653,4708,2592,1417,4755,2543,1718,4984,2680,1707,4512,2387,1908,5716,2655,1903,5017,2548,1981,5591,2649,2230,5364,2967,,,,,,,1266.0,3716.0,2007.0,1503.0,3436.0,2112.0,1589.0,4350.0,2174.0,1589.0,4749.0,2600.0,1782.0,4974.0,2248.0,1810.0,5164.0,2681.0,1771.0,5262.0,1974.0,1872.0,5198.0,2436.0,1929.0,5326.0,2700.0,1875.0,5744.0,2583.0,2048.0,2117.0,5694.0
POINT (-73.99336426671383 40.69453486150852),28,28,Brooklyn,Montague Street,Henry Street,Clinton Street,Y,1476.0,4567.0,2914.0,1438.0,4231.0,2842.0,1363.0,4318.0,2863.0,1547.0,3762.0,3672.0,1202,4089,3078,1249.0,3849.0,2520.0,1393,3896,3660,1365,5372,2802,1374,5441,3659,1595,4564,3754,1496,2920,3453,1482,4532,4419,1251,4861,3189,1247,3998,2795,1389,4766,2946,1235,3737,2920,1404,4932,3042,1501,4284,2182,1283,4017,3510,1577,3695,2156,1541,3588,3232,1519,4121,3219,1572,3732,3240,1563,3838,2738,1508.0,4199.0,3330.0,800.0,2190.0,1901.0,987.0,2228.0,1916.0,1103.0,2685.0,2085.0,1155.0,2488.0,2471.0,846.0,2705.0,2548.0,1020.0,2705.0,1803.0,1520.0,3266.0,2511.0,1422.0,2957.0,2036.0,1401.0,3162.0,3153.0,1662.0,3863.0,2996.0,1594.0,3626.0,2979.0,1727.0,2538.0,3689.0
POINT (-73.96931991427776 40.693114646759874),29,29,Brooklyn,Myrtle Avenue,Vaerbilt Avenue,Clinton Avenue,N,,,,1129.0,1818.0,1182.0,735.0,1131.0,856.0,,,,622,1689,1135,609.0,1272.0,1122.0,660,1565,1237,955,1315,1366,1055,2432,1329,1073,2129,1228,601,1363,1764,1040,2223,1705,1182,2214,1843,1380,2585,1717,1090,3713,1457,812,1561,2025,1271,2267,1456,1453,2657,1568,1099,2481,1694,1419,2089,1621,1034,1719,2095,1495,2636,1860,1392,2237,2052,1249,2296,1724,,,,540.0,1775.0,1466.0,649.0,1544.0,1356.0,1033.0,1997.0,1527.0,996.0,1853.0,1625.0,830.0,1688.0,1484.0,944.0,2014.0,1120.0,962.0,2178.0,1202.0,722.0,1849.0,1201.0,1105.0,2418.0,1928.0,818.0,1984.0,1529.0,1078.0,2113.0,1482.0,902.0,1605.0,2130.0
POINT (-73.9939968076081 40.702746482787724),30,30,Brooklyn,Old Fulton Street,Elizabeth Place,Everit Place,N,141.0,600.0,875.0,397.0,783.0,658.0,98.0,758.0,807.0,133.0,923.0,1128.0,103,248,1178,67.0,332.0,1349.0,116,996,1644,157,1382,1846,143,1185,1588,178,984,1604,222,990,1773,173,1260,2572,210,3134,2325,253,1620,2438,208,1835,2578,183,2174,2185,326,2888,4052,269,3126,3388,285,3323,3518,201,1481,3179,244,2523,2985,309,2665,2932,278,1891,3710,350,2745,2797,,,,244.0,1472.0,1116.0,188.0,765.0,1883.0,383.0,2086.0,1988.0,357.0,2490.0,3455.0,255.0,1284.0,3441.0,307.0,2690.0,2693.0,362.0,1849.0,2473.0,169.0,1358.0,1570.0,331.0,2302.0,3048.0,355.0,2808.0,2749.0,295.0,1224.0,3768.0,527.0,2632.0,2938.0
POINT (-73.91307856842978 40.669334561930114),31,31,Brooklyn,Pitkin Avenue,Bristol Street,Hopkinson Avenue,Y,572.0,3355.0,2720.0,686.0,3312.0,3131.0,546.0,3372.0,3254.0,658.0,2555.0,2584.0,601,3753,1628,664.0,3174.0,2270.0,669,4368,3276,980,2255,2530,666,3112,2657,518,1647,1230,627,2010,2518,840,3388,2534,744,3365,2631,1791,3873,2863,672,2262,1622,757,2441,1922,938,2343,2222,701,2147,2251,636,2763,2358,844,2852,3258,562,2708,2244,807,2445,2582,584,2856,2020,594,2537,2240,485.0,3071.0,2744.0,292.0,2329.0,1805.0,230.0,2030.0,1765.0,573.0,2190.0,2281.0,528.0,2312.0,2085.0,454.0,1588.0,1714.0,606.0,2316.0,2438.0,623.0,1986.0,1053.0,486.0,2343.0,1406.0,353.0,1214.0,1534.0,524.0,2062.0,1645.0,585.0,1957.0,1569.0,531.0,1398.0,2296.0
POINT (-73.95475091689498 40.58754340485192),32,32,Brooklyn,Sheepshead Bay Road,East 14th Street,East 15th Street,Y,1580.0,2215.0,1785.0,1205.0,2953.0,1848.0,1579.0,3289.0,1781.0,1546.0,3624.0,2003.0,1582,3094,1967,1676.0,3513.0,1448.0,1614,3663,1784,1654,2423,1327,1554,3453,1893,1932,3776,1395,1881,2229,1706,1729,3396,1825,1541,2855,1271,1618,3041,1557,1418,2627,1366,1543,2706,1381,1576,3211,1220,1625,2555,1497,1845,2841,1365,1927,2664,1240,1849,2820,1374,1758,2840,1248,1730,2904,1449,1724,2663,938,1514.0,2644.0,1430.0,691.0,1952.0,1103.0,770.0,1791.0,953.0,1071.0,2210.0,998.0,1168.0,2544.0,1280.0,1270.0,2461.0,1365.0,1208.0,2563.0,1175.0,1261.0,2528.0,1209.0,1172.0,2589.0,1225.0,1203.0,2508.0,1321.0,1156.0,2696.0,1344.0,1101.0,2570.0,1294.0,1174.0,1057.0,2455.0
POINT (-74.01511472616954 40.67546559688342),33,33,Brooklyn,VanBrunt Street,Beard Street,Vaike Street,N,90.0,232.0,170.0,112.0,317.0,235.0,138.0,380.0,220.0,138.0,490.0,269.0,112,186,105,100.0,204.0,251.0,92,91,264,151,304,267,90,251,380,123,246,425,110,516,183,112,303,493,101,290,300,123,309,469,68,260,350,85,336,351,111,295,468,83,324,348,110,244,401,130,257,401,117,262,606,98,295,394,123,414,465,80,354,434,,,,119.0,384.0,385.0,200.0,394.0,453.0,140.0,422.0,356.0,159.0,426.0,415.0,127.0,398.0,468.0,122.0,432.0,576.0,94.0,348.0,369.0,209.0,357.0,536.0,175.0,592.0,649.0,132.0,516.0,689.0,164.0,430.0,700.0,144.0,790.0,389.0
POINT (-73.98960330219742 40.70286152715002),34,34,Brooklyn,Washington Street,Front Street,Water Street,N,546.0,1387.0,851.0,556.0,1550.0,826.0,544.0,1476.0,1390.0,549.0,1976.0,833.0,1181,995,1264,977.0,1188.0,1170.0,525,1892,1576,466,2048,809,558,2508,1232,732,1972,1469,604,1557,1002,257,1371,1406,742,3009,1408,849,2156,1547,737,3362,1691,780,3184,1349,487,1799,1588,750,3243,1877,930,3784,2763,838,2929,2517,874,3978,2340,986,3996,2905,1098,3574,3408,1137,4018,2936,,,,322.0,938.0,1471.0,481.0,1170.0,2195.0,632.0,2631.0,2440.0,875.0,3784.0,4173.0,1052.0,4281.0,6327.0,936.0,3668.0,3832.0,837.0,1713.0,3943.0,836.0,3382.0,3534.0,1135.0,4684.0,4646.0,1169.0,6013.0,4283.0,1539.0,4577.0,5493.0,1035.0,4713.0,4713.0
POINT (-74.01155687409947 40.70463665187375),35,35,Manhattan,Broad Street,Beaver Street,South William Street,Y,3469.0,3992.0,599.0,4214.0,12879.0,8077.0,4231.0,7042.0,1157.0,3906.0,7307.0,1171.0,4745,5954,1112,2421.0,6724.0,1030.0,3696,5944,737,4013,6014,922,3879,6839,853,4254,5989,1681,4495,4437,1175,4302,6257,1341,2865,4874,1273,3758,5843,1466,3666,5845,1149,3383,5154,954,4177,6445,993,4622,7161,1411,4632,7093,1580,4041,5893,1880,3522,6747,1715,4924,8303,2036,4374,6603,1756,4131,6471,2010,4100.0,7302.0,1669.0,707.0,1248.0,570.0,1158.0,2577.0,1168.0,1736.0,2711.0,1279.0,2143.0,4002.0,1470.0,2134.0,3643.0,1531.0,2359.0,4491.0,1531.0,2107.0,4095.0,1542.0,2280.0,4554.0,1350.0,2547.0,4775.0,1880.0,2650.0,4670.0,1423.0,2846.0,4826.0,2263.0,2676.0,1831.0,4405.0
POINT (-74.01286204592034 40.70634164448271),36,36,Manhattan,Broadway,Morris Street,Exchange Place,Y,3660.0,8390.0,2361.0,4507.0,15554.0,12748.0,3110.0,7880.0,4098.0,4483.0,11912.0,3528.0,3085,7169,5281,5206.0,12034.0,6513.0,4896,11032,3907,4644,10890,6569,4357,9628,4097,3838,10699,6962,5462,9308,5350,5021,12183,6297,4964,12371,6990,5121,11809,7564,5744,12666,7947,5732,16251,4691,5416,14507,8321,3935,13111,7254,5079,11126,7116,3791,10156,7720,6274,14040,9265,7798,12650,8126,5221,19725,6818,4437,10726,9615,5049.0,11765.0,7029.0,398.0,1903.0,1337.0,1647.0,5041.0,3395.0,1901.0,4671.0,3884.0,2804.0,7018.0,5383.0,2432.0,4977.0,4877.0,3241.0,8955.0,5214.0,2938.0,7604.0,6482.0,3041.0,9071.0,5078.0,3368.0,8641.0,6432.0,3212.0,10126.0,6149.0,3065.0,8609.0,7166.0,2791.0,6776.0,7882.0
POINT (-73.98219706247882 40.7718134030119),37,37,Manhattan,Broadway,West 63rd Street,West 64th Street,Y,1611.0,6764.0,4592.0,1805.0,5674.0,4111.0,1293.0,6024.0,5804.0,2616.0,8454.0,5178.0,1620,2654,5207,2718.0,6600.0,4236.0,1988,8750,5390,2447,9057,6147,1999,8878,5799,1687,7388,4793,2086,4690,8376,1881,8696,6809,1986,9375,6034,2577,9566,7064,1775,7707,5919,2686,7916,4462,1870,8996,7676,3950,11244,7146,2789,8673,5003,2338,8574,5944,1962,6832,5446,2091,9305,4663,2059,6194,6037,2122,7773,5259,1696.0,6864.0,4907.0,280.0,694.0,3555.0,1233.0,4932.0,3445.0,1899.0,5745.0,4966.0,1977.0,6730.0,4752.0,2096.0,7096.0,5391.0,1608.0,5271.0,4154.0,1693.0,5210.0,3909.0,880.0,4493.0,2278.0,1915.0,5566.0,4249.0,1641.0,5129.0,3409.0,1751.0,5443.0,3607.0,1605.0,3684.0,5452.0
POINT (-74.01009312926121 40.715904559004244),38,38,Manhattan,Chambers Street,West Broadway,Greenwich Street,Y,7081.0,8512.0,2061.0,7192.0,8513.0,5204.0,6556.0,10440.0,2145.0,5333.0,5097.0,2675.0,7466,10866,1696,8091.0,8273.0,1612.0,6318,9575,6305,8909,11065,2983,6905,11192,2677,14456,11407,4674,5765,4266,2939,8185,10981,4144,7735,9680,4100,8232,9661,3627,8140,10248,1580,8806,10478,1538,8324,9689,2422,8183,9256,1696,6923,9546,2994,7639,8514,5458,6923,9546,2994,8401,9937,3302,8323,8960,3630,8834,10456,3493,3075.0,6598.0,2934.0,832.0,1302.0,1099.0,1316.0,2643.0,1215.0,4604.0,4163.0,1984.0,4615.0,4799.0,1538.0,5268.0,5645.0,2366.0,2299.0,3760.0,1259.0,5265.0,6100.0,1913.0,3174.0,4409.0,1725.0,3239.0,4939.0,2236.0,5107.0,5989.0,2478.0,5315.0,6733.0,2225.0,4677.0,2190.0,5883.0
POINT (-73.97713579908014 40.77968082763136),39,39,Manhattan,Columbus Avenue,West 75th Street,West 76th Street,N,1071.0,3037.0,3500.0,1189.0,2748.0,2523.0,895.0,2385.0,3910.0,1172.0,3306.0,3171.0,1041,1761,3084,2248.0,4408.0,2629.0,1507,3464,3633,1632,3907,3407,1520,4024,4157,1497,3598,2442,1603,2283,3703,1601,3898,4216,1676,4358,4968,1646,3998,4070,1451,4420,4246,1633,3272,3271,1218,4604,6597,2387,8626,3766,1892,4594,4162,1852,3277,4522,1558,3627,2690,1592,3626,2977,1524,3905,3780,1756,3794,2451,,,,706.0,1319.0,2407.0,867.0,3049.0,1873.0,1380.0,3121.0,2846.0,1300.0,3205.0,2756.0,1412.0,3425.0,3114.0,1394.0,3836.0,2868.0,1292.0,3500.0,3817.0,967.0,4031.0,2790.0,1498.0,3732.0,3982.0,1389.0,4250.0,3955.0,1320.0,3625.0,4125.0,1340.0,3840.0,4183.0
POINT (-73.98936305063111 40.718989359353586),40,40,Manhattan,Delancey Street,Orchard Street,Ludlow Street,Y,1085.0,2733.0,2529.0,1433.0,4104.0,2701.0,1015.0,2947.0,2718.0,958.0,2218.0,1635.0,869,1680,1378,1664.0,4708.0,2233.0,940,2702,2093,1396,2912,1861,1036,2741,2119,969,2606,1592,1451,2495,2514,1616,4262,3385,1472,4415,3776,1594,4278,2951,1558,4792,2809,1636,4480,2626,1357,4543,3367,1557,4809,1973,1746,5086,3197,1847,4847,3032,1647,4534,3295,1634,3238,2420,1851,4772,3249,1629,4010,3034,1704.0,4692.0,3351.0,318.0,832.0,1499.0,775.0,2652.0,2390.0,1269.0,3643.0,2764.0,1151.0,3285.0,2617.0,1220.0,3975.0,3264.0,1077.0,4128.0,2868.0,1063.0,3982.0,2939.0,1055.0,3672.0,2657.0,1180.0,4381.0,3459.0,1158.0,4554.0,3278.0,1123.0,3933.0,3566.0,1217.0,3547.0,4315.0
POINT (-73.99265748471083 40.73559926423828),41,41,Manhattan,East 14th Street,Fifth Avenue,University Place,Y,2265.0,13723.0,4761.0,2084.0,13965.0,5004.0,3000.0,11119.0,10041.0,2682.0,14451.0,7391.0,2946,17128,7151,3135.0,15654.0,7300.0,2480,13830,6559,2952,14895,6008,2726,18830,9130,2803,16102,7005,2607,8641,8997,2730,13560,8102,3034,17519,8918,2930,14597,7377,3029,12888,8876,3248,14486,6765,3462,13830,9616,3868,15862,6103,3017,14947,7465,3979,16487,6253,3303,18021,10204,4251,19584,5078,2601,14123,6924,2973,11932,6408,1704.0,4692.0,7036.0,1045.0,4787.0,4543.0,1443.0,7443.0,3474.0,2181.0,8440.0,5148.0,2241.0,8784.0,4765.0,2435.0,10237.0,5805.0,6470.0,13227.0,8181.0,2134.0,8750.0,5473.0,2021.0,7513.0,3775.0,2297.0,8744.0,5643.0,2455.0,8684.0,5215.0,2221.0,8088.0,2631.0,2370.0,4799.0,9169.0
POINT (-73.97665547944715 40.75169473512389),42,42,Manhattan,East 42 Street,Park Avenue,Lexington Avenue,Y,7485.0,15513.0,6239.0,6664.0,16133.0,4885.0,6149.0,15315.0,4689.0,5437.0,13819.0,6455.0,8306,21051,6303,7433.0,20672.0,5006.0,7210,17256,5715,9320,16289,5193,7149,16756,6308,8729,16342,5287,8083,12937,6480,7362,16933,6857,7478,18085,6703,7700,17327,7617,8461,17127,5692,7278,18044,4682,8428,16039,6560,8690,17425,5608,13311,28056,9351,8253,16376,6400,9241,20258,6428,8551,16529,6279,8452,19998,5873,9358,23025,8808,9414.0,16061.0,5619.0,2522.0,4555.0,2127.0,3917.0,7663.0,2919.0,3643.0,7261.0,3545.0,7206.0,13406.0,5809.0,6076.0,11461.0,5696.0,6470.0,13227.0,6563.0,6005.0,12215.0,6099.0,7465.0,13836.0,1422.0,6185.0,13165.0,5810.0,4844.0,9094.0,4285.0,6884.0,14114.0,6142.0,7285.0,6138.0,16297.0
POINT (-73.99441204702927 40.731436017707075),43,43,Manhattan,East 8th Street,University Place,Greene Street,N,944.0,5422.0,2254.0,952.0,5782.0,2736.0,1052.0,6359.0,3097.0,975.0,5623.0,2947.0,884,4929,2506,1064.0,5810.0,2736.0,1035,5137,2588,1291,5350,2367,926,5171,2968,980,5290,2417,1134,2830,2846,1084,6025,2600,1111,5771,2830,1087,5550,3066,824,3902,2237,1200,5118,2335,1113,3873,2756,1183,5024,2220,1267,5138,2661,1457,6299,2276,1352,4866,2682,1212,5016,1690,905,5073,2276,1232,5929,3014,,,,468.0,1201.0,2943.0,769.0,2756.0,1676.0,1176.0,3763.0,2727.0,1018.0,3010.0,2505.0,1267.0,4576.0,3258.0,6470.0,17928.0,9492.0,1091.0,4217.0,2970.0,883.0,2799.0,1636.0,1175.0,4471.0,2783.0,784.0,2469.0,1852.0,1164.0,4828.0,3807.0,1177.0,2617.0,5621.0
POINT (-73.98861503057542 40.7588482835213),44,44,Manhattan,Eighth Avenue,West 44th Street,West 45th Street,N,2735.0,8412.0,12143.0,8533.0,23290.0,16629.0,10246.0,33290.0,13498.0,5753.0,13671.0,9753.0,8366,16730,5749,7495.0,14628.0,4423.0,5196,16136,8685,3841,10130,7476,6058,20010,7261,5684,13805,8406,5608,13250,9213,6265,18303,9065,6561,19195,9577,6729,18822,9879,7027,17164,7998,7906,21946,10243,8133,22625,8990,7222,19064,6468,7800,28019,10030,7160,21141,8346,8389,25824,9745,7802,23979,12536,9734,28309,11806,7816,24112,9241,,,,1018.0,2084.0,1596.0,2294.0,6402.0,2966.0,3591.0,10884.0,11739.0,5111.0,19400.0,15618.0,5960.0,18219.0,10327.0,3507.0,14612.0,9182.0,5570.0,15906.0,11039.0,5366.0,18075.0,10623.0,5670.0,18908.0,15642.0,6822.0,22016.0,10213.0,6895.0,18944.0,10781.0,5915.0,11075.0,18498.0
POINT (-73.97514418621735 40.761353610911776),45,45,Manhattan,Fifth Avenue,East 54th Street,East 55th Street,Y,3081.0,16471.0,13891.0,3432.0,23840.0,11707.0,3974.0,25732.0,18273.0,4089.0,20929.0,16307.0,3385,20508,10507,8483.0,22495.0,11485.0,4013,18701,12727,3771,24601,12752,3285,26106,12370,3968,18993,15946,3189,14533,13555,3472,22800,14405,3858,20485,15398,3951,20202,14353,3616,20639,16089,3980,20528,15513,4113,26831,12417,3637,20999,11320,4443,22351,12712,4360,22274,12247,6445,23214,11394,2985,19551,11576,6266,23182,16299,3689,18048,16022,3892.0,16971.0,10229.0,1085.0,3180.0,2704.0,1669.0,8766.0,4615.0,1966.0,8098.0,6927.0,3139.0,12370.0,8790.0,3142.0,,10967.0,3488.0,13929.0,9182.0,3445.0,14804.0,12807.0,1728.0,11567.0,8747.0,3362.0,13524.0,10109.0,3378.0,15485.0,9925.0,3518.0,14763.0,12196.0,4182.0,10980.0,15006.0
POINT (-73.99451531515767 40.71493552371378),46,46,Manhattan,Forsyth Street,Canal Street,Division Street,N,1373.0,7481.0,4703.0,1290.0,3506.0,3583.0,1190.0,4763.0,4504.0,1598.0,5879.0,5347.0,1269,5187,4981,2184.0,6998.0,3800.0,1353,5832,4961,2660,4606,3443,1150,5796,3298,1217,5186,2888,1153,3570,4359,1537,5951,4342,1586,4688,3965,1671,4954,3869,1552,5110,3810,1517,5461,3043,1297,6222,3029,1451,5129,2811,1258,4788,3174,1334,4059,2994,1391,6610,4469,1336,3305,2866,1509,6451,4437,1378,5535,3962,,,,551.0,1578.0,1929.0,684.0,2523.0,2255.0,844.0,2607.0,1880.0,1011.0,2462.0,2152.0,1013.0,2465.0,2741.0,971.0,2889.0,1354.0,976.0,2631.0,3072.0,1141.0,2881.0,1774.0,1062.0,3104.0,2561.0,971.0,2388.0,2785.0,946.0,2619.0,2382.0,1087.0,2961.0,3096.0
POINT (-74.0084036486757 40.71055376746076),47,47,Manhattan,Fulton Street,Broadway,Nassau Street,Y,4530.0,9162.0,2495.0,3446.0,5498.0,1835.0,4614.0,9415.0,3553.0,5041.0,9322.0,2043.0,5539,8901,2464,2544.0,6708.0,2847.0,3922,7398,2319,4280,8945,4578,3881,7535,3855,4137,10248,4274,4192,6091,3172,4635,9180,3327,4543,8727,3473,4216,7922,3202,3425,7732,2698,3457,7212,1856,3595,8002,2259,4127,7037,2706,3460,8459,3542,4039,6740,3425,4637,9223,4792,3625,6414,3704,3191,6681,4242,3566,7838,4297,3712.0,7632.0,3569.0,1284.0,3050.0,2051.0,1869.0,5016.0,2536.0,2159.0,4357.0,2634.0,3055.0,6634.0,3443.0,2416.0,3954.0,4131.0,3959.0,7477.0,4127.0,3665.0,9336.0,4176.0,2566.0,5882.0,2435.0,2810.0,5509.0,3862.0,2871.0,6663.0,4456.0,2522.0,5143.0,3499.0,3728.0,3910.0,8377.0
POINT (-74.00451806937401 40.70806272095774),48,48,Manhattan,Fulton Street,Cliff Street,Pearl Street,N,2593.0,6755.0,3167.0,1902.0,5113.0,2637.0,2112.0,8540.0,4686.0,2596.0,7309.0,2888.0,3544,7324,2992,2098.0,5479.0,2685.0,1982,6308,2593,2647,7119,2502,2633,8206,5151,2091,5561,3650,2611,4285,3775,2760,7767,3652,2887,7392,4899,2732,5578,3251,2466,5850,2506,2963,7062,2510,2584,5436,3590,3251,5359,3257,3207,9604,3429,2894,7597,3555,1977,4998,4729,2846,7266,2938,2610,6366,2705,2940,6723,4325,,,,733.0,1631.0,,1041.0,4049.0,2207.0,1430.0,3427.0,2018.0,1705.0,4818.0,2502.0,1747.0,4847.0,3254.0,1920.0,5423.0,3553.0,1526.0,3224.0,1494.0,1520.0,4866.0,2674.0,2022.0,5622.0,3868.0,2110.0,5923.0,4295.0,1631.0,4548.0,3679.0,1908.0,2959.0,6009.0
POINT (-73.96888735867235 40.761264607952285),49,49,Manhattan,Lexington Avenue,East 57th Street,East 58th Street,Y,4502.0,21634.0,5687.0,4251.0,11296.0,5302.0,4034.0,20893.0,6619.0,4231.0,11009.0,5962.0,4122,8661,5705,3272.0,10679.0,4786.0,4123,11641,4676,5082,11880,4208,3742,12143,5814,3908,11014,4528,4678,8412,4332,4587,12345,4900,4138,12682,5924,4566,11639,5661,3800,14129,5956,4298,11716,5628,3205,8111,5894,5870,18125,3484,4931,12301,4583,4625,12007,4892,4489,12400,3894,4656,10732,4176,4218,9699,4155,3887,10451,3828,4483.0,10685.0,3991.0,1490.0,3093.0,2031.0,2293.0,5427.0,1853.0,3158.0,6341.0,2980.0,3350.0,7242.0,3203.0,3352.0,7207.0,3646.0,3083.0,6930.0,3330.0,3298.0,7618.0,3511.0,3386.0,7100.0,2621.0,3508.0,7213.0,3330.0,3208.0,7351.0,3007.0,3603.0,7822.0,3599.0,3686.0,2688.0,7911.0
POINT (-73.96568512678532 40.77144062263456),50,50,Manhattan,Madison Avenue,East 71st Street,East 72 Street,N,667.0,3760.0,3090.0,680.0,3204.0,2495.0,571.0,4254.0,3073.0,1014.0,2687.0,4099.0,677,1726,2088,635.0,3250.0,1817.0,706,2918,2830,832,3114,2340,712,3602,2895,611,2998,2159,837,2238,2492,966,3899,3283,729,3183,3102,858,3034,2455,722,3912,2633,739,2983,1630,760,3247,760,2235,7220,2690,718,2988,2480,2142,6911,2160,624,2681,2185,786,2495,1711,770,3779,1863,837,3191,1510,,,,530.0,1451.0,1326.0,591.0,2316.0,1408.0,0.0,0.0,0.0,742.0,2692.0,2057.0,792.0,2281.0,2846.0,735.0,2907.0,1252.0,740.0,2183.0,3619.0,659.0,2166.0,1325.0,842.0,2415.0,3172.0,865.0,2399.0,2902.0,765.0,2924.0,4799.0,940.0,3223.0,3154.0
POINT (-73.99134284997088 40.749996387066574),51,51,Manhattan,Seventh Avenue,West 32 Street,West 33rd Street,Y,10084.0,25156.0,9261.0,8803.0,23825.0,10476.0,7566.0,23312.0,11362.0,8407.0,24311.0,11704.0,7356,29526,12533,13552.0,27632.0,11537.0,12189,22390,10615,8422,22613,10902,8954,23314,10625,11445,23015,12765,10782,18101,12342,13647,28208,10690,11898,26609,11146,12365,28392,11374,13677,26062,11781,12246,27744,10281,17191,35990,50827,9103,25197,10439,11410,31856,16847,11099,38885,13500,9740,24343,10861,9523,23193,10593,12171,29618,9733,14126,30194,13037,11623.0,24186.0,11541.0,2625.0,5217.0,,4887.0,9115.0,5752.0,5912.0,13607.0,0.0,6546.0,14615.0,6300.0,4877.0,13029.0,5869.0,5005.0,12508.0,6010.0,1356.0,2386.0,1139.0,6347.0,15261.0,5180.0,7319.0,16054.0,8082.0,7327.0,13343.0,5264.0,7996.0,20017.0,8719.0,7281.0,8617.0,18567.0
POINT (-74.01257537541983 40.708351612740366),52,52,Manhattan,Trinity Place,Rector Street,Thames Street,N,4552.0,7164.0,2286.0,4982.0,14290.0,9826.0,4814.0,7983.0,2754.0,3362.0,5228.0,1688.0,2770,4090,2393,4886.0,5836.0,2634.0,2224,3889,1808,3107,4424,2570,2629,4933,2270,2701,4312,3636,2283,3602,2734,2821,4897,3033,2216,4530,3238,2512,4332,2627,2431,4504,3980,2346,5095,1738,3007,5964,3744,1527,5592,2104,2246,4073,2607,2344,4403,3024,2261,4475,1754,2306,4271,2993,1554,4381,1738,1818,4631,3062,,,,447.0,517.0,535.0,644.0,1373.0,912.0,926.0,1566.0,1319.0,987.0,2222.0,1780.0,1275.0,1740.0,1357.0,1271.0,2746.0,1168.0,5179.0,13394.0,6199.0,1310.0,2880.0,1763.0,1443.0,2484.0,2023.0,1436.0,2919.0,1558.0,936.0,1928.0,1885.0,1355.0,1776.0,2573.0
POINT (-74.01098647762808 40.70733537559069),53,53,Manhattan,Wall Street,New Street,Nassau Street,Y,3784.0,5560.0,2733.0,8065.0,14469.0,8295.0,6842.0,11264.0,4814.0,7476.0,15167.0,4035.0,6149,9608,4402,3506.0,12635.0,5695.0,6247,12186,3755,6885,14303,4636,6485,13176,5906,6219,13724,6742,6004,7844,6167,6733,11023,5284,5354,11111,5430,5405,10140,5763,6072,10741,5827,7981,11310,4959,5681,10717,5430,6547,9135,6261,6759,14575,5836,6445,11300,6516,5733,10277,5651,5792,10494,6854,4643,10661,4623,4560,9628,5572,5453.0,9823.0,5141.0,,,,2253.0,4265.0,2048.0,2939.0,5154.0,2849.0,3530.0,7325.0,4243.0,3644.0,6021.0,4247.0,3858.0,8388.0,3011.0,,,,4313.0,8110.0,4822.0,3987.0,8065.0,5247.0,4050.0,9688.0,5046.0,3373.0,5889.0,5371.0,4057.0,4818.0,8468.0
POINT (-73.94703781905247 40.80842973710492),54,54,Manhattan,West 125th Street,Adam C. Powell Boulevard,Lenox Avenue,Y,1706.0,7519.0,3949.0,1638.0,7546.0,5084.0,1921.0,7831.0,5219.0,2152.0,7681.0,4484.0,1277,8561,3984,2398.0,7903.0,5492.0,2042,7855,7142,2388,8710,6443,2231,8165,6800,2582,8638,6698,1900,5255,5603,2126,8851,5540,2121,9253,5586,2476,9667,5256,2123,8114,5767,1985,7754,5434,2308,8328,5792,2070,8046,5588,2129,8010,5791,2077,8199,5483,2227,7957,5857,1979,8087,5486,2144,8074,5852,2266,7664,4762,1448.0,8740.0,5437.0,906.0,5290.0,4421.0,963.0,3669.0,3651.0,2715.0,8882.0,5037.0,1337.0,5751.0,3881.0,1266.0,5105.0,3920.0,1201.0,6217.0,2497.0,2647.0,8200.0,4284.0,1867.0,7708.0,4390.0,2259.0,9288.0,6549.0,1830.0,8976.0,5125.0,1622.0,6673.0,5041.0,1942.0,4632.0,9744.0
POINT (-74.00384095197924 40.740305392828965),55,55,Manhattan,West 14th Street,Hudson Street,Eighth Avenue,Y,1540.0,5089.0,2960.0,1902.0,5474.0,2337.0,1520.0,6274.0,2701.0,1568.0,5664.0,2936.0,1360,6047,2485,2047.0,6649.0,3890.0,1458,6221,3057,2159,7055,3974,1800,8911,4963,1949,11166,3514,2106,4993,4335,2024,9462,5285,2078,9234,5257,2176,9180,4950,5272,11953,6519,2032,8263,4419,1935,8995,4635,2075,8066,4751,2150,8456,6081,2193,8523,4507,1769,8995,5170,2128,9186,3972,2252,9369,5848,1841,7133,5444,2168.0,8860.0,4932.0,724.0,1975.0,1888.0,1306.0,5804.0,4094.0,1507.0,4782.0,4795.0,1853.0,6716.0,5613.0,,,5276.0,2128.0,7705.0,4005.0,2357.0,7174.0,4070.0,2319.0,7574.0,4210.0,2779.0,7843.0,3999.0,1929.0,7523.0,4792.0,1613.0,5246.0,5096.0,2648.0,5374.0,8431.0
POINT (-73.93434784508338 40.84958094443508),56,56,Manhattan,West 181st Street,St. Nicholas Avenue,Wadsworth Avenue,Y,1305.0,6516.0,3281.0,1685.0,5562.0,4725.0,1071.0,7420.0,4174.0,1238.0,7394.0,4432.0,1032,6680,4881,1212.0,8747.0,3926.0,1448,8364,4679,1212,7940,5056,1375,8257,4476,1198,8012,5040,1307,5254,5567,1245,6921,7461,1266,7442,5704,1321,7409,6194,1372,7225,4492,1399,7357,6125,1380,7230,4512,1428,7544,6184,1380,7476,4671,1422,7555,6295,1343,7407,1343,1386,7668,6307,1549,7984,4937,1520,8036,4903,1196.0,6010.0,4361.0,589.0,2443.0,3453.0,789.0,4105.0,2716.0,1079.0,4346.0,6786.0,1130.0,5131.0,3257.0,1183.0,4182.0,3620.0,1059.0,4811.0,2195.0,1044.0,4071.0,3708.0,998.0,5110.0,2809.0,1237.0,5453.0,3794.0,1164.0,5570.0,3615.0,931.0,3321.0,3788.0,1202.0,3567.0,5536.0
POINT (-73.98934552114228 40.75045405486473),57,57,Manhattan,West 34th Street,Broadway,Seventh Avenue,Y,12000.0,28123.0,12528.0,10326.0,32673.0,14201.0,12391.0,32736.0,14646.0,11051.0,29019.0,16268.0,12690,21943,13971,11941.0,27764.0,12044.0,13421,30544,10055,10010,30103,9900,9969,31701,14182,11279,27249,11137,13645,18969,13790,13348,26865,13036,11672,28348,15594,12232,30743,13107,15806,29150,10806,13152,25591,12222,12297,26852,12297,10197,25687,11670,13835,33102,12029,9272,25365,15233,11874,25185,10944,14215,25734,17262,13511,30643,12904,14021,31953,13000,12694.0,28606.0,11452.0,3099.0,8568.0,5287.0,4199.0,15230.0,7422.0,5946.0,16622.0,8475.0,8508.0,20529.0,9122.0,8378.0,20440.0,9996.0,6837.0,19358.0,7136.0,6765.0,17587.0,8422.0,7885.0,22089.0,8571.0,8940.0,24359.0,10803.0,7514.0,22446.0,7564.0,5897.0,18104.0,9209.0,7448.0,9658.0,20003.0
POINT (-73.98335689692979 40.752843606340384),58,58,Manhattan,West 40th Street,Avenue of the Americas,Fifth Avenue,Y,5454.0,11571.0,2639.0,5284.0,11208.0,2606.0,6019.0,10301.0,2175.0,6258.0,8616.0,2905.0,5064,10654,1664,6160.0,13985.0,2136.0,6479,11224,2868,7467,12457,2417,5540,11750,2943,6362,11933,1973,8340,8884,2616,7269,14127,3055,5930,12133,2321,6499,12234,3167,6020,12837,1693,7673,14418,2779,7085,13064,2413,6415,13370,2258,7257,20533,3407,6089,13479,2753,5923,11981,3672,7553,16774,3818,7334,16566,2921,7971,14682,3718,6275.0,13456.0,2734.0,1214.0,2049.0,1252.0,2136.0,3908.0,1660.0,2731.0,6873.0,2402.0,3830.0,9637.0,3431.0,3984.0,8986.0,2885.0,3653.0,9758.0,2877.0,4276.0,13693.0,4533.0,4149.0,10400.0,3272.0,4145.0,10814.0,4894.0,4287.0,10620.0,3488.0,3149.0,8092.0,4338.0,4189.0,3334.0,10748.0
POINT (-73.98017962622333 40.757338486389926),59,59,Manhattan,West 47th Street,Avenue of the Americas,Fifth Avenue,N,3897.0,14939.0,2201.0,3043.0,14487.0,1475.0,4899.0,13996.0,1401.0,2953.0,9805.0,2389.0,3463,10636,2119,3647.0,10736.0,1862.0,3972,12733,1765,3941,8928,1736,5618,11433,2623,3348,9064,1763,3620,8316,2021,3450,10003,2170,4463,11828,2227,4002,12205,1978,4090,13502,2681,5009,12687,2559,4041,12351,2296,4128,11969,1973,5117,14037,2772,4758,13021,2720,3585,12022,2121,2696,12024,2551,3371,9199,1904,3324,10349,2330,,,,1169.0,,,1036.0,3123.0,833.0,0.0,0.0,0.0,2620.0,6342.0,2386.0,2021.0,5863.0,1876.0,3708.0,8899.0,1894.0,3246.0,9229.0,1493.0,2650.0,8200.0,1624.0,3309.0,7497.0,2999.0,2685.0,9293.0,2746.0,2823.0,9297.0,2748.0,2002.0,2634.0,6054.0
POINT (-73.96829307507049 40.755190220332366),60,60,Manhattan,Seco Avenue,50th Street,51st Street,Y,2335.0,5371.0,2066.0,2259.0,5431.0,2047.0,2077.0,4957.0,1776.0,2002.0,3574.0,2202.0,1605,4840,1933,1669.0,4029.0,1493.0,2091,4311,2690,2162,4299,2031,1853,4564,2391,2008,4548,2181,2159,3654,2578,2527,5238,2767,2425,5912,2277,2415,5529,3284,2507,5358,2405,2660,4863,1616,2257,5259,1872,2534,6619,1894,2255,4484,2836,2521,5715,2751,2604,5938,2490,1850,4501,1904,2971,7314,2988,2532,5394,2708,2527.0,5494.0,2982.0,804.0,2228.0,2713.0,1520.0,4481.0,1720.0,1747.0,4237.0,3164.0,1905.0,4746.0,2753.0,1760.0,5035.0,2785.0,1812.0,4589.0,2202.0,1942.0,4753.0,2647.0,1834.0,4641.0,2057.0,1989.0,4954.0,3002.0,1985.0,5276.0,3010.0,1692.0,3823.0,2696.0,2106.0,2546.0,5245.0
POINT (-73.97053303866996 40.75613758564416),61,61,Manhattan,Third Avenue,50th Street,51st Street,N,5504.0,8447.0,2827.0,6329.0,11003.0,2475.0,4733.0,10036.0,2296.0,5547.0,15473.0,2501.0,3804,9823,2537,5516.0,11033.0,2466.0,5302,9590,2648,2350,7303,2373,5849,11011,3397,6198,10387,2777,5073,6995,2766,5778,11225,2933,5793,11707,2738,6457,12336,3442,5237,7708,2825,4063,7625,2312,5825,11919,2274,5920,12416,2473,5016,10549,2962,4837,8838,2656,5965,12548,2926,5148,11761,2136,5999,11973,2592,6140,9956,3119,,,,1465.0,2576.0,1659.0,2642.0,6218.0,1411.0,2623.0,4716.0,2445.0,3496.0,6710.0,2340.0,3519.0,6646.0,2736.0,3477.0,7243.0,1972.0,3608.0,6631.0,2038.0,4879.0,7692.0,2363.0,4494.0,8090.0,3089.0,4056.0,7901.0,2643.0,3827.0,7073.0,3036.0,3734.0,2546.0,7758.0
POINT (-73.97213382742112 40.756810835163854),62,62,Manhattan,Lexington Avenue,50th Street,51st Street,N,5730.0,10557.0,4805.0,5124.0,10010.0,2600.0,5659.0,12883.0,2968.0,6153.0,20071.0,3229.0,3614,7280,3131,4243.0,9235.0,2768.0,5812,12143,2781,4941,6260,2481,6003,12261,2708,4610,9722,3331,5610,7253,3075,6127,11630,3781,4876,9020,3524,6174,11573,3613,6038,13374,4716,7870,13083,3056,7312,13958,3041,5822,11681,2816,3851,10651,3776,4532,10213,2900,6508,12931,3247,5614,9926,2480,5786,13307,3289,5127,10525,2743,,,,860.0,1217.0,831.0,2040.0,2862.0,1550.0,2806.0,4888.0,1932.0,4223.0,7193.0,2060.0,3690.0,7378.0,2345.0,3397.0,7220.0,1871.0,5253.0,9234.0,2302.0,5759.0,9392.0,2448.0,5255.0,10111.0,3072.0,4911.0,8780.0,2503.0,3793.0,7043.0,2494.0,4250.0,2343.0,7724.0
POINT (-73.97385284104773 40.75753624831215),63,63,Manhattan,Park Avenue,50th Street,51st Street,Y,6824.0,10653.0,2025.0,7868.0,12535.0,1137.0,5201.0,10800.0,1113.0,6059.0,18973.0,1460.0,4068,8087,1464,5358.0,10971.0,1560.0,5342,10497,1471,4100,10317,1538,5118,9773,1598,6862,9879,1985,5774,6601,1378,6951,13358,2125,6103,10628,1534,6458,11376,2239,6896,12018,1897,4229,8301,1001,7063,10745,1730,6279,11439,1405,4639,10165,1969,6021,9465,1811,7630,13654,1362,5576,10725,895,5166,9687,1209,5194,10011,1328,6202.0,10611.0,1111.0,835.0,1224.0,643.0,1587.0,2947.0,729.0,2855.0,4556.0,888.0,4136.0,7595.0,1064.0,4032.0,7409.0,1378.0,4116.0,7135.0,952.0,4331.0,8308.0,1278.0,5509.0,10255.0,617.0,5045.0,10500.0,1303.0,5409.0,9759.0,1247.0,4494.0,7540.0,1424.0,5407.0,1393.0,10307.0
POINT (-73.97536263666144 40.75817343083521),64,64,Manhattan,Madison Avenue,50th Street,51st Street,N,4204.0,9307.0,3297.0,3997.0,9188.0,2239.0,2407.0,5634.0,2144.0,3139.0,8742.0,1643.0,2498,7990,2281,4161.0,9773.0,4224.0,3589,9460,2104,2451,6184,2054,3694,8962,2678,3582,8710,4161,3903,6394,2539,3810,9559,2740,3806,9398,2004,4026,11649,2676,3943,8762,2568,3999,9766,1974,3422,10220,2685,4049,10719,1974,4156,9431,2556,3384,9498,2059,3733,10241,2080,4032,9340,1479,3510,9823,2362,4203,10063,2649,,,,793.0,1440.0,868.0,1381.0,3195.0,1050.0,1920.0,3983.0,1314.0,2967.0,5806.0,1884.0,3051.0,6359.0,2074.0,3578.0,7410.0,2895.0,4111.0,7845.0,2204.0,4746.0,9105.0,1681.0,3914.0,7380.0,2019.0,4347.0,9599.0,2115.0,4373.0,8789.0,2423.0,4968.0,2015.0,9630.0
POINT (-73.97697246269053 40.75885135958746),65,65,Manhattan,Fifth Avenue,50th Street,51st Street,N,5565.0,18855.0,12954.0,4759.0,14718.0,11866.0,5685.0,28077.0,16851.0,5006.0,20879.0,14623.0,3770,25268,11494,5019.0,20562.0,11446.0,4360,28429,10440,3503,16915,13044,4424,24803,11311,5211,18865,13084,3886,16819,12325,4642,25523,16286,4375,20567,13542,5217,20548,11730,4757,22388,16189,3900,16284,10995,5111,23968,17081,3311,12523,10262,5069,23382,15398,6371,20399,14273,3869,17620,14224,5221,22146,15522,3426,15500,10479,5498,25452,13558,,,,750.0,2764.0,4004.0,1368.0,6021.0,6181.0,2170.0,10583.0,9139.0,3387.0,16673.0,12336.0,3400.0,9090.0,14168.0,3091.0,16049.0,15490.0,3173.0,15613.0,13164.0,4160.0,18178.0,10729.0,3554.0,14834.0,15831.0,3073.0,16341.0,10009.0,2765.0,12013.0,12114.0,3940.0,10999.0,12892.0
POINT (-73.98019868261785 40.76021178450935),66,66,Manhattan,Sixth Avenue,50th Street,51st Street,N,8288.0,17222.0,7527.0,9097.0,20504.0,14386.0,8627.0,23153.0,7523.0,7647.0,23605.0,7729.0,4880,14500,5385,8591.0,25013.0,8340.0,7753,22076,7042,7565,23463,6787,7109,17964,6532,6353,16219,6910,5885,11446,4718,6755,18750,5962,7344,21852,9578,8653,20989,8928,6754,20361,8167,7757,18925,5550,8382,19830,7573,7899,22568,6896,8539,20057,8095,8451,20123,8578,9078,21417,7852,7749,17784,7483,8719,31236,5443,8352,19964,3591,,,,1150.0,1933.0,2279.0,2273.0,6380.0,2872.0,3473.0,8744.0,4826.0,5146.0,13784.0,9144.0,5356.0,12850.0,6196.0,5026.0,14461.0,4957.0,4903.0,15277.0,7390.0,5359.0,14828.0,6241.0,5889.0,16631.0,8475.0,7702.0,15772.0,6392.0,2999.0,9416.0,7565.0,5540.0,6607.0,16178.0
POINT (-73.98303507483828 40.76140611887666),67,67,Manhattan,Seventh Avenue,50th Street,51st Street,N,4490.0,9683.0,9375.0,4952.0,13179.0,6120.0,6100.0,18254.0,7303.0,6446.0,20666.0,9077.0,4052,11765,5383,5238.0,21134.0,8703.0,4683,18116,5245,4730,18128,4951,3580,12448,4956,5207,11867,6135,4125,8700,6298,5521,15077,6800,5266,14066,6575,4947,12929,5974,4404,13341,8216,4307,13090,6401,4661,14752,7617,6388,13831,6692,5324,14088,6798,5972,14583,7043,6066,12107,5963,5100,13429,6408,5689,15258,5905,5643,15681,7179,,,,734.0,1620.0,,1033.0,3828.0,2431.0,2168.0,5802.0,4210.0,3722.0,11165.0,5535.0,3630.0,9524.0,5630.0,3577.0,10946.0,5923.0,3313.0,10249.0,6157.0,4630.0,11175.0,6101.0,3971.0,11789.0,6283.0,3784.0,11249.0,4286.0,3117.0,9391.0,6880.0,3756.0,5651.0,9965.0
POINT (-73.98383919698608 40.76174395517826),68,68,Manhattan,Broadway,50th Street,51st Street,Y,3651.0,11214.0,9134.0,4158.0,12401.0,9352.0,2973.0,11426.0,7308.0,4316.0,14026.0,8443.0,3151,8475,6386,3934.0,11771.0,8480.0,3893,12065,5874,4222,13896,6784,3883,13185,5734,3680,11856,5699,3337,9640,7974,5221,13664,7514,3744,13639,9366,3841,13493,7740,3763,16899,7208,3693,9794,6292,3711,15263,7523,5050,13880,7486,4761,16986,7928,5458,15559,7641,4902,16330,6214,6000,17338,9274,2987,10248,7929,4564,14546,6917,3885.0,15193.0,7587.0,697.0,1823.0,1366.0,1284.0,4800.0,2585.0,2015.0,6078.0,4380.0,3065.0,12216.0,7095.0,2872.0,10477.0,6349.0,2223.0,9058.0,5037.0,3290.0,10533.0,7122.0,2789.0,11525.0,5894.0,3228.0,11656.0,8196.0,2505.0,8786.0,7857.0,1022.0,4333.0,7577.0,2675.0,5859.0,11499.0
POINT (-73.98589867014988 40.76257065006476),69,69,Manhattan,Eighth Avenue,50th Street,51st Street,N,2817.0,7362.0,5118.0,3971.0,8561.0,5391.0,3752.0,10656.0,5858.0,4184.0,12792.0,7798.0,3054,9975,4793,3549.0,12643.0,4837.0,3513,10332,4192,3616,11171,4140,3465,11368,4276,3626,9549,5309,3403,7429,5619,3834,9893,5097,3858,12261,6363,4311,12194,6721,4178,15305,8567,3459,12050,5719,3675,12228,8666,4543,13075,4924,4446,16529,7359,4669,16089,6486,4816,16366,7899,4829,12806,4777,4365,12765,7613,4354,12501,7489,,,,1357.0,3366.0,2300.0,1959.0,5948.0,3084.0,2705.0,7814.0,5397.0,3460.0,10776.0,6970.0,3669.0,9959.0,6291.0,2980.0,9555.0,4487.0,3586.0,9607.0,6583.0,3566.0,9462.0,7512.0,3690.0,10873.0,6696.0,3697.0,11258.0,6203.0,3459.0,10880.0,7267.0,3573.0,6271.0,10824.0
POINT (-73.99694382805035 40.7673124325193),70,70,Manhattan,Hudson River Greenway,50th Street,51st Street,N,190.0,382.0,310.0,129.0,342.0,363.0,90.0,103.0,186.0,194.0,234.0,216.0,27,192,64,190.0,269.0,436.0,280,453,201,273,313,469,307,563,487,233,141,1515,255,118,1948,363,494,832,291,760,2519,362,639,1043,211,528,985,507,593,1051,241,620,631,281,694,733,244,619,625,339,553,483,255,537,584,268,649,950,249,667,481,389,458,901,,,,226.0,266.0,542.0,412.0,192.0,644.0,442.0,762.0,754.0,515.0,865.0,704.0,318.0,314.0,934.0,460.0,960.0,151.0,419.0,550.0,1195.0,705.0,729.0,380.0,683.0,951.0,990.0,520.0,1020.0,947.0,257.0,241.0,986.0,657.0,957.0,1341.0
POINT (-73.79555468117455 40.70653426935826),71,71,Queens,165th Street,89th Avenue,Jamaica Avenue,N,824.0,3972.0,2800.0,717.0,4789.0,3429.0,710.0,4372.0,2787.0,882.0,3550.0,2237.0,804,4812,3254,727.0,5177.0,3428.0,757,2814,3621,970,7848,3875,979,6751,3698,992,5450,4133,750,2898,4713,828,5531,3311,895,5050,4363,979,4207,3073,763,4317,3923,848,4106,2048,721,3827,2517,987,4981,3101,965,3676,3653,1071,3859,3809,782,5360,3509,1165,4684,4333,455,3877,2641,661,2658,2232,,,,244.0,2105.0,2006.0,252.0,2692.0,2396.0,473.0,2477.0,2463.0,391.0,1874.0,2013.0,279.0,849.0,1666.0,315.0,879.0,829.0,423.0,1959.0,2410.0,359.0,2353.0,1915.0,421.0,1900.0,1766.0,341.0,1423.0,1591.0,235.0,605.0,351.0,207.0,348.0,513.0
POINT (-73.89225364571111 40.74891155301485),72,72,Queens,37th Avenue,73rd Street,74th Street,Y,1002.0,4106.0,3142.0,1159.0,4398.0,3500.0,1058.0,4594.0,3367.0,1592.0,5184.0,3561.0,1236,4575,2782,988.0,3551.0,2574.0,1113,4116,2710,1361,4279,3412,1406,5929,3648,1410,5977,2618,1244,3408,3457,918,4761,3605,1210,3556,3188,1349,5683,3742,1347,4926,2877,1720,5356,2660,1215,4757,2564,1193,5667,2780,1258,5240,2319,1332,4646,2305,1256,4618,2495,1378,4375,2787,1242,4233,2949,1341,4960,2985,681.0,4187.0,3023.0,532.0,3816.0,2519.0,613.0,4621.0,2525.0,1166.0,4994.0,3348.0,1119.0,4480.0,3022.0,955.0,3516.0,3207.0,934.0,4597.0,3313.0,1146.0,4224.0,3538.0,1014.0,3172.0,2167.0,1171.0,5176.0,3180.0,956.0,3395.0,3110.0,1029.0,4358.0,3033.0,956.0,2645.0,4029.0
POINT (-73.88412639509386 40.74873155074409),73,73,Queens,82 Street,37th Avenue,Roosevelt Avenue,Y,1739.0,4753.0,3114.0,2933.0,8401.0,6054.0,2299.0,6851.0,2650.0,2130.0,3541.0,5198.0,2733,10839,6515,2545.0,7483.0,4969.0,2850,10144,7431,3949,14738,7602,2506,10249,5125,2649,9941,5022,2088,2972,5854,2642,8772,6132,2662,9288,6726,2674,8868,6825,2510,8668,4657,2888,8781,4539,2640,8479,5501,3047,8648,6037,2868,9190,5285,2905,8768,6429,2920,8534,6133,2776,8450,6170,2774,8927,4252,2739,8486,5238,2016.0,8641.0,5491.0,1211.0,5004.0,4168.0,1534.0,7625.0,3452.0,2272.0,7958.0,5792.0,1980.0,7276.0,4922.0,2201.0,6186.0,4959.0,2609.0,8960.0,5920.0,1770.0,6345.0,3572.0,1511.0,4493.0,4732.0,1879.0,4784.0,2364.0,1940.0,5338.0,4639.0,2070.0,6678.0,4771.0,2191.0,4244.0,6837.0
POINT (-73.84534157919526 40.720365744814835),74,74,Queens,Austin Street,71st Ave,70th Road,Y,622.0,4356.0,2227.0,514.0,3127.0,2891.0,1585.0,4355.0,2433.0,705.0,4216.0,2469.0,729,4351,2420,728.0,4407.0,2891.0,657,4232,2388,799,4039,3631,657,3971,4326,768,4435,3200,940,2985,3954,834,4530,4376,995,5334,5522,1166,5008,4238,787,4128,3621,840,4566,3357,1037,5267,4120,669,3653,3956,871,5007,3938,902,3818,3199,787,5835,4623,866,4765,2387,700,4454,4273,830,4906,2908,770.0,5059.0,3635.0,439.0,3174.0,2269.0,722.0,4396.0,2219.0,955.0,3451.0,3204.0,898.0,4340.0,2785.0,807.0,3516.0,3424.0,781.0,4015.0,3428.0,1016.0,3660.0,3066.0,967.0,4485.0,3116.0,1043.0,4268.0,2970.0,927.0,3941.0,2772.0,902.0,4434.0,3378.0,901.0,2744.0,4704.0
POINT (-73.77114917957029 40.76393342115404),75,75,Queens,Bell Boulevard,40th Avenue,41st Avenue,N,549.0,1578.0,968.0,597.0,1802.0,1209.0,469.0,1292.0,1282.0,513.0,1217.0,1160.0,481,1656,785,426.0,1506.0,855.0,553,1958,1095,650,1739,800,617,2106,1562,503,1836,1020,552,775,1241,576,1699,1265,496,1807,1226,497,1472,1575,754,1880,1874,815,2136,950,853,1644,1962,781,2092,1162,1002,2149,1973,879,2479,756,637,1484,1573,632,1788,1369,762,1558,1054,944,2607,1481,,,,237.0,1035.0,945.0,216.0,1231.0,1040.0,260.0,1227.0,1014.0,334.0,1635.0,1446.0,339.0,1254.0,1079.0,316.0,1673.0,1721.0,422.0,1568.0,1468.0,451.0,2069.0,1446.0,428.0,1941.0,1432.0,535.0,1347.0,1542.0,471.0,1732.0,1418.0,446.0,1210.0,2214.0
POINT (-73.89530306861195 40.70287665998952),76,76,Queens,Fresh Po Road,Cypress Hills Street,70th Avenue,N,467.0,954.0,649.0,541.0,965.0,565.0,413.0,980.0,414.0,530.0,1028.0,463.0,511,827,447,484.0,875.0,514.0,429,919,636,509,911,590,444,1007,644,286,755,747,455,197,1241,482,799,603,426,918,607,442,1008,555,349,787,380,535,805,531,302,1017,425,662,975,643,515,661,385,531,668,346,499,559,391,371,491,376,176,311,191,151,254,195,,,,234.0,829.0,563.0,273.0,824.0,385.0,422.0,680.0,517.0,375.0,798.0,619.0,370.0,657.0,599.0,342.0,786.0,508.0,388.0,788.0,491.0,377.0,807.0,564.0,395.0,944.0,652.0,352.0,680.0,591.0,371.0,839.0,549.0,415.0,581.0,928.0
POINT (-73.79247827489311 40.71091966309366),77,77,Queens,Hillside Avenue,169th Street,170th Street,Y,1693.0,3280.0,2006.0,1429.0,2988.0,2165.0,836.0,3442.0,1693.0,923.0,3784.0,1553.0,799,3564,1854,826.0,3811.0,2184.0,889,3747,2154,977,3997,1710,991,3977,2348,1069,3531,1453,902,1904,2388,1063,3427,1615,1211,2973,1509,930,3392,1943,1314,4635,1970,668,3240,1791,824,3709,1899,982,4146,1805,988,3577,1712,959,3719,1668,824,3545,2480,1131,1691,1146,1015,2556,2657,1221,2820,2032,936.0,2520.0,1537.0,417.0,2194.0,1415.0,519.0,2334.0,1271.0,728.0,2477.0,1249.0,761.0,2522.0,1296.0,872.0,2443.0,1466.0,1055.0,3187.0,1871.0,841.0,2591.0,1888.0,570.0,2034.0,1453.0,770.0,2718.0,1374.0,868.0,2535.0,1642.0,1094.0,1963.0,1843.0,1076.0,1749.0,3277.0
POINT (-73.93947115150922 40.74817129070961),78,78,Queens,Jackson Avenue,Queens Street,42 Road,N,354.0,425.0,108.0,411.0,408.0,62.0,380.0,509.0,112.0,348.0,382.0,69.0,451,360,79,242.0,424.0,288.0,294,319,238,326,406,213,401,463,159,403,482,157,669,463,222,631,535,198,647,632,300,694,960,296,668,897,284,660,600,129,338,614,234,520,1081,264,526,1056,742,723,1211,326,707,999,758,818,959,522,884,1374,940,1009,1685,1473,,,,502.0,1150.0,857.0,794.0,1326.0,1141.0,942.0,1991.0,1372.0,915.0,2296.0,1718.0,743.0,1526.0,1788.0,1045.0,2472.0,1834.0,1211.0,2465.0,1451.0,1240.0,2424.0,1553.0,1134.0,2579.0,1603.0,1115.0,2282.0,2091.0,1239.0,3190.0,2397.0,1349.0,2500.0,3367.0
POINT (-73.80593752065842 40.70182238071845),79,79,Queens,Jamaica Avenue,148th Street,149th Street,N,813.0,3336.0,2133.0,639.0,3384.0,2246.0,621.0,3020.0,2458.0,735.0,2789.0,1896.0,747,3443,2598,698.0,3324.0,1861.0,651,2492,2498,821,1942,2261,789,2601,2769,602,3152,2373,708,2150,2175,723,2766,2423,751,3245,2297,817,2821,2063,782,2766,2096,530,2948,1807,896,3321,2400,769,2291,2036,896,3171,2131,996,3328,1687,825,3599,1562,1625,3046,2379,887,3589,2486,900,2516,2302,,,,549.0,2132.0,1880.0,577.0,1612.0,1329.0,797.0,2527.0,1868.0,638.0,2332.0,687.0,613.0,2154.0,1613.0,644.0,2498.0,1879.0,890.0,2888.0,2172.0,819.0,2914.0,1981.0,1044.0,3761.0,2066.0,808.0,2376.0,1987.0,900.0,3237.0,2047.0,976.0,1831.0,2439.0
POINT (-73.79726496612192 40.704505550443635),80,80,Queens,Jamaica Avenue,162 Street,Guy R. Brewer Boulevard,Y,1390.0,11407.0,5326.0,1636.0,12671.0,5988.0,949.0,8011.0,7008.0,1259.0,9860.0,4666.0,1286,9724,4969,1149.0,10148.0,5407.0,1149,7372,8770,1350,7149,6271,1495,11961,7961,1363,13426,9834,1566,7315,8328,1414,9346,7293,1521,8935,5882,1430,7896,7105,1359,10063,7273,1465,10097,7681,1215,6715,4764,1697,8924,4798,1280,6167,5079,1326,6383,4747,1413,9075,5155,1228,10284,7037,1366,8544,7393,1591,8103,5962,1238.0,9483.0,5662.0,610.0,4129.0,4080.0,801.0,6364.0,2782.0,1072.0,5044.0,4613.0,893.0,5082.0,4166.0,989.0,4620.0,3804.0,999.0,6434.0,4642.0,1199.0,5939.0,5059.0,1045.0,6054.0,3620.0,1293.0,6812.0,3925.0,964.0,5074.0,4627.0,1268.0,6491.0,4582.0,1145.0,4300.0,7232.0
POINT (-73.85779008961042 40.6925963247586),81,81,Queens,Jamaica Avenue,86th Street,87th Street,N,790.0,2313.0,1864.0,894.0,2188.0,1597.0,644.0,2007.0,1531.0,776.0,2158.0,1746.0,758,1892,1710,678.0,1987.0,1478.0,784,2486,1634,842,2367,1397,788,1758,1952,1095,2465,1537,704,1157,1320,912,1925,1295,867,2065,1690,835,1902,1643,1005,1914,1652,1036,1874,1224,1159,2138,1616,1352,2203,1312,1005,1845,1425,1234,1685,1420,1190,1616,1585,887,1287,1524,1582,2187,1296,1602,2317,1422,,,,497.0,1640.0,1082.0,454.0,1511.0,987.0,741.0,1549.0,1205.0,769.0,1770.0,1109.0,656.0,1587.0,1170.0,849.0,2305.0,1191.0,984.0,2327.0,1255.0,1021.0,2225.0,1290.0,905.0,1805.0,1257.0,591.0,1539.0,1146.0,789.0,1848.0,1142.0,760.0,1241.0,1979.0
POINT (-73.8309343552709 40.76118578331917),82,82,Queens,Main Street,37th Avenue,38th Avenue,Y,1805.0,6685.0,8266.0,1560.0,5818.0,7615.0,1444.0,5548.0,8784.0,1316.0,4706.0,9169.0,1563,5406,5867,2008.0,7670.0,6584.0,1558,6559,7886,1942,7235,6510,1644,8323,7368,2031,6043,6721,2450,5932,4723,2581,7948,8447,2266,8751,8554,2169,7998,7097,2068,8045,6733,2291,8105,4731,2333,8040,5555,1977,8652,5557,2005,7775,6579,2524,8379,6689,2782,8993,8675,3807,11109,7963,2457,8309,8395,2520,8521,6662,2179.0,8440.0,6409.0,1117.0,4167.0,5160.0,1285.0,6262.0,4399.0,1545.0,5455.0,6156.0,2140.0,5318.0,4845.0,1708.0,5554.0,6312.0,1779.0,5869.0,6324.0,1999.0,5764.0,5806.0,1812.0,7040.0,6031.0,2229.0,7857.0,6908.0,1755.0,5136.0,5170.0,2897.0,7789.0,7894.0,2035.0,5563.0,6553.0
POINT (-73.78539020907581 40.69769336243358),83,83,Queens,Merrick Boulevard,108th Drive,169th Place,N,63.0,149.0,57.0,70.0,108.0,80.0,98.0,207.0,76.0,54.0,87.0,94.0,26,105,63,32.0,132.0,75.0,62,149,86,163,310,79,163,335,305,189,368,189,87,132,119,83,139,130,162,220,178,112,387,166,89,232,134,150,267,176,90,202,76,84,165,89,68,231,95,93,177,105,74,195,44,97,171,115,54,61,54,124,201,115,,,,40.0,75.0,53.0,67.0,172.0,62.0,77.0,171.0,81.0,62.0,124.0,79.0,47.0,106.0,106.0,68.0,145.0,91.0,84.0,197.0,86.0,71.0,176.0,108.0,84.0,210.0,131.0,63.0,140.0,115.0,149.0,380.0,126.0,145.0,106.0,250.0
POINT (-73.75250126721374 40.604023385262565),84,84,Queens,Mott Avenue,Smith Place,Central Avenue,N,927.0,2468.0,1985.0,661.0,2785.0,2132.0,1362.0,2309.0,1208.0,891.0,2311.0,1734.0,735,1958,1850,892.0,1952.0,2222.0,727,1796,2056,868,1543,1736,820,1836,2116,1131,3664,1430,692,1338,2454,850,2119,1983,658,2003,2007,728,1629,1618,1451,3319,2154,1017,2827,2025,1084,2030,1150,730,1659,1574,729,1581,1554,942,1791,1580,851,2248,1745,813,1644,1614,655,1006,1034,754,1186,1153,,,,589.0,1608.0,1432.0,714.0,1851.0,1080.0,941.0,1882.0,1350.0,720.0,1695.0,1286.0,574.0,1733.0,1221.0,814.0,1967.0,1250.0,591.0,1482.0,1103.0,595.0,1519.0,1129.0,669.0,1646.0,1123.0,768.0,1966.0,1156.0,671.0,1888.0,1230.0,864.0,1238.0,2584.0
POINT (-73.91018834116497 40.69967093544051),85,85,Queens,Myrtle Avenue,Palmetto Street,Woodbine Street,Y,1245.0,5324.0,5741.0,1342.0,5867.0,5109.0,1358.0,6221.0,3214.0,1468.0,4978.0,3577.0,1316,5135,3101,1128.0,5053.0,3619.0,1238,4634,3218,1541,5641,2977,1296,5433,3383,1349,5349,3560,1397,3596,3082,1378,4588,3706,1389,4999,3702,1487,4681,3449,1322,4948,3167,1572,4351,3291,1481,3756,2562,1328,2141,2505,1346,4035,2505,1350,4110,2605,1458,4242,2709,1271,3736,2391,1565,3514,2133,1461,2978,2106,990.0,4008.0,2479.0,658.0,2884.0,2439.0,627.0,2366.0,2483.0,1049.0,3287.0,2793.0,964.0,3777.0,2486.0,1077.0,3363.0,2411.0,1009.0,3882.0,2760.0,1126.0,3845.0,2603.0,903.0,2964.0,2074.0,1087.0,3552.0,2252.0,942.0,3122.0,2767.0,1067.0,4037.0,2638.0,1025.0,2094.0,3358.0
POINT (-73.90192709081789 40.70048761323586),86,86,Queens,Myrtle Avenue,Weirfield Street,Centre Street,N,426.0,3161.0,3816.0,308.0,2797.0,5540.0,366.0,2892.0,2139.0,354.0,2980.0,2517.0,393,2719,2404,393.0,3305.0,2032.0,586,3877,3738,389,3363,2345,330,3107,2470,407,2949,2507,499,1704,2747,438,2654,3476,406,3181,2886,414,2953,3020,454,3287,3050,522,2789,2535,1139,2415,2466,1046,1948,2672,868,2668,1297,934,2761,1470,936,2820,2164,880,2624,1311,1286,1796,1083,1381,1922,1232,,,,256.0,1835.0,1658.0,325.0,2198.0,1621.0,444.0,1866.0,1843.0,422.0,2280.0,2063.0,376.0,1483.0,1908.0,354.0,2059.0,1958.0,472.0,1907.0,1819.0,393.0,1770.0,1999.0,426.0,2122.0,1841.0,346.0,1367.0,1707.0,379.0,2761.0,1746.0,381.0,1572.0,1972.0
POINT (-73.80439743099372 40.76247070217481),87,87,Queens,Northern Boulevard,50' East of 161st Street,,N,302.0,706.0,596.0,306.0,912.0,545.0,174.0,556.0,456.0,254.0,540.0,440.0,104,511,304,114.0,672.0,421.0,258,692,614,234,816,462,314,1145,628,388,860,756,203,522,116,236,567,327,280,888,609,299,1030,571,243,947,562,307,965,415,306,946,640,301,1020,732,274,1145,850,357,725,594,288,1330,721,283,1245,659,278,1029,726,275,1027,619,,,,150.0,667.0,376.0,175.0,577.0,329.0,170.0,549.0,486.0,203.0,582.0,455.0,213.0,473.0,467.0,209.0,617.0,417.0,268.0,920.0,702.0,175.0,664.0,414.0,305.0,923.0,744.0,200.0,497.0,516.0,288.0,841.0,769.0,238.0,509.0,677.0
POINT (-73.83274555228842 40.76053254069111),88,88,Queens,Prince Street,37th Avenue,38th Avenue,N,368.0,1048.0,1051.0,339.0,1011.0,1102.0,358.0,995.0,643.0,296.0,1060.0,1361.0,208,1007,856,256.0,1169.0,1164.0,278,913,1222,316,831,1065,252,1130,1319,255,835,1419,242,760,1208,312,1058,1630,293,1210,1442,296,1256,1435,271,1360,1509,372,1630,1277,459,2163,1694,376,1506,1676,330,1881,1610,358,1985,2005,349,1899,1753,347,2299,1754,354,1768,1977,326,2110,1999,,,,196.0,858.0,1101.0,173.0,1623.0,1131.0,227.0,1725.0,1771.0,270.0,2338.0,2369.0,245.0,1571.0,1804.0,304.0,2421.0,2232.0,343.0,2280.0,2677.0,424.0,4416.0,3415.0,498.0,4020.0,4599.0,451.0,3766.0,4632.0,488.0,4433.0,4998.0,422.0,4499.0,4468.0
POINT (-73.82971390855914 40.713719487169804),89,89,Queens,Queens Boulevard,50' East of 80th Road,,N,6569.0,9070.0,2703.0,6876.0,8687.0,2452.0,3220.0,5656.0,1495.0,2356.0,4746.0,2273.0,1661,4302,954,1786.0,4323.0,1119.0,1769,5062,1212,2286,6977,1170,2415,4837,1033,2989,4926,1131,1634,2729,1071,1574,1904,1188,2080,4468,1178,1537,2337,1234,1626,2337,791,1704,2503,648,1824,2704,821,1947,2509,586,1561,2338,754,1799,2061,576,1695,2496,788,1368,1840,682,1682,2433,941,1473,2429,626,,,,549.0,998.0,452.0,710.0,1148.0,476.0,901.0,1371.0,634.0,931.0,1344.0,554.0,1002.0,1399.0,496.0,1126.0,1558.0,454.0,1026.0,1833.0,612.0,1155.0,2709.0,652.0,757.0,2515.0,1090.0,1030.0,1340.0,525.0,2234.0,3313.0,633.0,930.0,480.0,1643.0
POINT (-73.8713031803217 40.73382228902959),90,90,Queens,Queens Boulevard,Woodhaven Boulevard,90th Street,N,434.0,2645.0,1790.0,395.0,2795.0,2180.0,481.0,3236.0,2362.0,612.0,2631.0,2014.0,368,2527,2591,322.0,3210.0,3145.0,365,2593,2092,492,2493,2529,356,2350,1985,444,2741,2811,1063,2576,2171,539,2286,2181,382,2419,2121,426,2290,2182,383,2269,2169,425,2108,1656,331,1889,1745,436,2035,1890,388,2028,1632,455,1881,1744,422,2045,1584,1066,1950,1957,452,2231,1810,469,1693,1602,,,,533.0,1871.0,1147.0,611.0,2173.0,1624.0,519.0,954.0,1631.0,400.0,1761.0,1859.0,447.0,1601.0,1398.0,291.0,1675.0,1219.0,510.0,1904.0,1537.0,1662.0,4470.0,2660.0,1990.0,3963.0,3223.0,977.0,2183.0,2339.0,6462.0,13366.0,3473.0,3041.0,3650.0,7169.0
POINT (-73.9399858877832 40.75066362916971),91,91,Queens,Queens Plaza North & South,Crescent Street,27th Street,N,5036.0,6091.0,2204.0,5724.0,6082.0,1627.0,4996.0,6281.0,2758.0,5296.0,6031.0,1458.0,1952,2141,806,4255.0,5306.0,1297.0,4392,5254,2511,4687,5552,1088,4461,6346,1750,5250,7292,1007,2892,3350,1658,3868,4027,1811,5298,8052,2443,5780,7274,2341,4787,7410,2584,5338,6707,1655,4221,6634,2653,5651,7769,2262,6222,8748,4257,5493,9476,1952,6045,10126,2665,5531,8837,4890,6879,12100,4082,8495,10531,3578,,,,943.0,1589.0,954.0,1036.0,1932.0,1236.0,1495.0,2306.0,1268.0,1469.0,2443.0,1413.0,1553.0,2360.0,919.0,1555.0,2572.0,1530.0,490.0,821.0,571.0,729.0,664.0,1259.0,705.0,1106.0,481.0,1522.0,2161.0,1485.0,1537.0,2568.0,1207.0,3709.0,3940.0,5902.0
POINT (-73.82818894237838 40.76005352048369),92,92,Queens,Roosevelt Avenue,Main Street,Union Street,N,7893.0,10566.0,4690.0,9198.0,12958.0,5163.0,3211.0,13346.0,7747.0,9044.0,13012.0,7078.0,9175,13802,8087,8688.0,15500.0,9745.0,10891,14219,7738,9123,14574,7311,9253,12881,8963,10759,14081,9210,3439,8189,7573,4331,13446,10237,4380,9307,6221,3491,12451,8076,3029,13480,7503,3955,12683,7966,4236,14272,8461,3759,12940,8029,3485,12573,7617,3749,11927,8070,3516,11835,7373,3415,12440,8216,3266,12760,7344,3462,12321,7303,,,,3142.0,9956.0,,2360.0,10101.0,5851.0,4588.0,10098.0,6610.0,2199.0,11794.0,8187.0,3115.0,9664.0,7551.0,6464.0,12242.0,7781.0,5988.0,12427.0,8459.0,4187.0,12202.0,9848.0,4011.0,14621.0,10035.0,2323.0,8943.0,9206.0,2405.0,11302.0,9057.0,5090.0,7116.0,12024.0
POINT (-73.91804029865675 40.76015497952589),93,93,Queens,Steinway Street,31st Avenue,Broadway,N,1115.0,6495.0,4356.0,1127.0,5199.0,4348.0,1230.0,6034.0,4652.0,1127.0,5360.0,3893.0,995,5290,5311,1113.0,5796.0,3956.0,1026,5626,4956,1013,5506,3804,1124,5991,3917,1050,6733,3790,1120,4213,4488,1212,5692,4250,1160,5949,4499,1179,5489,3923,1102,5743,4660,1096,5493,3644,951,5907,4299,1020,4615,3609,1081,5044,3570,1047,4622,3362,964,4891,3270,1054,4770,3428,1186,5810,3853,1089,4367,3582,,,,481.0,3688.0,2412.0,543.0,3831.0,2656.0,777.0,3922.0,2672.0,677.0,4165.0,2979.0,826.0,3320.0,3087.0,786.0,3818.0,3029.0,793.0,3704.0,2751.0,1059.0,4178.0,2823.0,1088.0,2343.0,3167.0,653.0,2967.0,2677.0,766.0,4385.0,2701.0,668.0,2351.0,3744.0
POINT (-73.8086047835953 40.70340462655154),94,94,Queens,Sutphin Boulevard,89th Avenue,90th Avenue,N,1076.0,2166.0,806.0,832.0,1664.0,812.0,320.0,1862.0,955.0,1424.0,2686.0,830.0,1093,2412,871,1148.0,2463.0,977.0,1192,2559,1610,1441,2823,1216,912,2254,1111,847,2789,1362,876,1310,1162,1514,1975,1038,1249,2761,967,1363,2135,1264,1083,2180,1157,1569,2727,1098,1099,2446,1053,1257,2552,914,1059,2443,734,1315,2482,1015,1448,2938,1025,1265,2730,942,1411,3385,1179,1355,2468,841,,,,1146.0,2679.0,875.0,662.0,1704.0,931.0,989.0,2018.0,814.0,941.0,1887.0,1103.0,1006.0,2057.0,1037.0,1005.0,2029.0,1027.0,1322.0,2547.0,1098.0,1146.0,2107.0,1134.0,1088.0,2351.0,1942.0,1148.0,2350.0,1131.0,1119.0,2532.0,1348.0,1450.0,990.0,2407.0
POINT (-73.84840699076847 40.72272482164015),95,95,Queens,Yellowstone Boulevard,Queens Boulevard,Gerard Place,N,245.0,1272.0,776.0,242.0,1321.0,867.0,184.0,620.0,399.0,197.0,1444.0,333.0,195,564,344,188.0,540.0,381.0,263,652,431,225,671,426,258,1257,795,243,604,347,268,434,843,462,1080,1051,334,713,444,421,705,439,251,687,356,357,768,399,281,887,468,343,992,429,352,689,456,354,718,467,339,876,470,288,781,369,307,557,321,303,528,361,,,,188.0,338.0,177.0,348.0,689.0,228.0,242.0,448.0,241.0,277.0,477.0,190.0,316.0,500.0,210.0,279.0,478.0,228.0,590.0,1693.0,584.0,552.0,1607.0,979.0,610.0,1331.0,708.0,395.0,731.0,596.0,411.0,1025.0,547.0,558.0,820.0,1283.0
POINT (-74.10857607699721 40.63017169829432),96,96,Staten Isla,Forest Avenue,Regan Avenue,Davis Avenue,N,147.0,228.0,152.0,155.0,204.0,85.0,116.0,240.0,174.0,150.0,156.0,138.0,184,214,179,183.0,266.0,155.0,168,253,193,166,218,198,191,319,149,91,158,143,106,241,235,172,429,215,135,527,308,236,347,194,273,344,205,208,268,231,233,289,242,197,248,217,205,304,191,203,348,210,221,325,246,228,368,247,269,332,247,180,287,213,,,,124.0,293.0,196.0,89.0,292.0,99.0,167.0,295.0,137.0,113.0,314.0,214.0,108.0,167.0,173.0,136.0,307.0,210.0,110.0,305.0,156.0,112.0,263.0,136.0,135.0,352.0,206.0,132.0,266.0,242.0,158.0,355.0,206.0,153.0,200.0,649.0
POINT (-74.1108725293572 40.57107102644238),97,97,Staten Isla,New Dorp Lane,Hylan Boulevard,Clawson Street,N,240.0,347.0,432.0,330.0,314.0,348.0,235.0,571.0,389.0,425.0,728.0,567.0,413,814,704,675.0,880.0,684.0,541,909,578,580,846,574,376,689,484,502,752,428,462,544,439,611,578,719,513,770,476,603,608,454,425,462,386,365,461,431,496,616,484,515,708,405,530,559,411,529,571,403,555,545,363,531,654,420,603,636,364,487,502,409,,,,55.0,238.0,264.0,95.0,240.0,345.0,533.0,485.0,408.0,344.0,538.0,473.0,412.0,590.0,649.0,534.0,746.0,534.0,422.0,752.0,462.0,129.0,764.0,543.0,415.0,744.0,818.0,360.0,677.0,741.0,428.0,734.0,762.0,382.0,666.0,739.0
POINT (-74.0752448014028 40.64298352630176),98,98,Staten Isla,Pedestrian Walkway from Ferry Terminal,50' north of Richmo Terrace,,Y,840.0,1268.0,787.0,992.0,1465.0,669.0,1001.0,1871.0,753.0,1449.0,2078.0,883.0,1234,1981,737,1044.0,1439.0,770.0,741,1688,804,1213,1852,647,781,1624,838,1037,1407,654,1055,1053,741,1206,2113,943,1153,1738,907,1068,1863,612,933,1771,829,1088,1462,860,914,2046,470,947,2085,1032,1090,1660,996,1148,1758,1056,1105,1687,992,1086,1679,1005,1656,2244,1333,1188,1950,1114,1358.0,2139.0,1151.0,395.0,651.0,305.0,314.0,520.0,210.0,753.0,848.0,429.0,699.0,1045.0,487.0,691.0,833.0,519.0,639.0,864.0,421.0,803.0,1092.0,436.0,588.0,952.0,402.0,800.0,1140.0,558.0,627.0,836.0,499.0,604.0,1448.0,706.0,629.0,432.0,953.0
POINT (-74.16614928494091 40.58813530683326),99,99,Staten Isla,Richmo Hill Road,400' west of Richmo Terrace,,N,134.0,129.0,112.0,138.0,193.0,84.0,129.0,148.0,134.0,123.0,263.0,151.0,152,196,137,183.0,223.0,160.0,139,265,184,141,245,138,150,198,111,100,140,102,77,84,90,93,161,113,124,186,163,170,194,100,142,233,137,158,231,159,149,234,151,167,239,165,129,199,203,138,216,200,131,224,159,169,277,219,209,358,195,164,246,186,,,,61.0,116.0,96.0,39.0,88.0,31.0,43.0,151.0,72.0,51.0,103.0,91.0,46.0,74.0,148.0,90.0,165.0,104.0,116.0,257.0,196.0,67.0,141.0,78.0,72.0,156.0,110.0,64.0,125.0,66.0,92.0,169.0,110.0,89.0,47.0,122.0
POINT (-74.07740338696911 40.63793280712071),100,100,Staten Isla,Victory Boulevard,Bay Street,Van Duzer Street,Y,715.0,1037.0,486.0,725.0,1176.0,503.0,925.0,1586.0,735.0,923.0,1157.0,556.0,752,1402,631,549.0,825.0,519.0,546,1397,939,699,1080,712,667,1215,514,396,716,489,587,838,678,619,1136,559,586,1119,600,875,1535,574,826,1186,729,771,1118,705,883,1099,618,936,1138,571,579,693,471,588,637,489,612,699,492,634,717,502,632,735,305,383,629,420,383.0,1139.0,522.0,,,,222.0,413.0,216.0,464.0,658.0,363.0,409.0,643.0,293.0,347.0,620.0,394.0,315.0,587.0,359.0,281.0,523.0,330.0,286.0,535.0,312.0,418.0,693.0,393.0,340.0,636.0,383.0,283.0,635.0,357.0,344.0,362.0,752.0
POINT (-73.99669788343083 40.70597016498046),101,101,East River Bridges,Brooklyn Bridge,midpoint,,N,582.0,1514.0,1699.0,708.0,1656.0,1327.0,673.0,2641.0,1023.0,529.0,2361.0,1436.0,653,2670,2302,1259.0,3735.0,2455.0,647,4176,2778,527,2360,2217,654,3949,2979,646,1956,2140,255,496,1458,614,2947,2848,662,2675,1886,641,4984,3356,618,6493,6049,462,3760,3265,631,3173,3835,1698,3356,3308,365,3243,5174,604,3257,3450,598,3934,4713,768,4015,7032,507,4813,6037,430,3995,4884,,,,,,,354.0,2618.0,1444.0,531.0,1724.0,3183.0,567.0,3654.0,5564.0,558.0,2693.0,6248.0,687.0,5492.0,5513.0,603.0,2921.0,4884.0,689.0,4691.0,3759.0,816.0,4942.0,6680.0,1065.0,8471.0,4654.0,895.0,3142.0,2641.0,709.0,3463.0,4679.0
POINT (-73.99094199014799 40.70806538980731),102,102,East River Bridges,Manhattan Bridge  North Path,midpoint,,N,,,,,,,,,,,,,14,12,28,,,,13,36,32,0,0,3,9,24,10,150,178,115,9,23,109,6,41,8,10,24,18,8,10,34,6,14,20,3,5,6,3,2,7,8,7,3,5,14,13,5,3,9,3,5,5,3,4,5,0,0,2,1,2,2,,,,,,,137.0,396.0,171.0,66.0,146.0,34.0,56.0,115.0,43.0,49.0,98.0,66.0,112.0,265.0,63.0,33.0,53.0,22.0,42.0,114.0,32.0,51.0,91.0,32.0,47.0,109.0,31.0,83.0,188.0,484.0,41.0,33.0,102.0
POINT (-73.99114419929703 40.70794847867023),103,103,East River Bridges,Manhattan Bridge  South Path,midpoint,,N,82.0,131.0,158.0,64.0,136.0,93.0,62.0,211.0,78.0,75.0,207.0,85.0,97,221,163,90.0,198.0,205.0,60,235,95,75,245,176,52,237,302,72,102,92,80,144,245,104,305,274,134,313,195,128,312,330,144,452,415,124,283,201,142,351,260,176,381,184,109,277,385,231,260,222,191,542,465,176,522,210,164,622,477,167,636,520,,,,,,,48.0,116.0,34.0,194.0,581.0,381.0,190.0,465.0,427.0,154.0,322.0,633.0,173.0,634.0,144.0,168.0,329.0,430.0,252.0,583.0,512.0,285.0,595.0,659.0,208.0,625.0,490.0,19.0,18.0,38.0,206.0,494.0,785.0
POINT (-73.97202493782653 40.71353372301599),104,104,East River Bridges,Williamsburg Bridge,midpoint,,N,130.0,345.0,370.0,161.0,289.0,312.0,203.0,497.0,455.0,232.0,382.0,315.0,328,539,507,130.0,383.0,343.0,104,402,468,269,547,396,256,647,582,224,304,443,269,377,305,374,776,720,385,861,1086,400,838,800,394,830,973,263,713,578,374,906,1093,430,812,765,443,940,819,423,923,731,442,979,1077,401,538,713,425,930,1019,464,777,997,,,,,,,354.0,798.0,330.0,389.0,979.0,696.0,462.0,862.0,783.0,291.0,460.0,876.0,91.0,160.0,43.0,382.0,562.0,773.0,599.0,931.0,664.0,670.0,1003.0,943.0,419.0,1104.0,799.0,94.0,178.0,40.0,369.0,728.0,1020.0
POINT (-73.95460085520162 40.7568698600874),105,105,East River Bridges,Queensboro Bridge,midpoint,,N,35.0,107.0,103.0,28.0,114.0,68.0,17.0,70.0,94.0,94.0,196.0,165.0,345,506,82,54.0,154.0,94.0,91,230,95,90,243,164,87,272,95,112,114,128,117,185,111,107,278,120,142,379,226,130,414,197,127,729,250,142,374,224,133,332,207,167,317,216,161,373,209,260,334,218,212,403,227,222,399,227,186,427,214,178,413,223,,,,,,,236.0,497.0,148.0,674.0,1250.0,808.0,187.0,379.0,152.0,151.0,291.0,195.0,317.0,509.0,220.0,242.0,374.0,150.0,378.0,555.0,243.0,365.0,578.0,432.0,84.0,133.0,134.0,84.0,201.0,205.0,107.0,214.0,371.0
POINT (-73.91119970135458 40.873547359000106),106,106,Harlem River Bridges,Broadway Bridge,midpoint,,N,360.0,782.0,455.0,271.0,684.0,410.0,314.0,743.0,652.0,420.0,814.0,751.0,354,584,683,541.0,924.0,449.0,406,776,689,427,926,601,352,1266,512,730,1117,834,497,709,795,529,1084,905,478,976,623,537,998,778,473,978,739,530,818,594,540,925,521,566,972,644,500,981,563,425,1034,614,519,1081,415,521,796,538,481,1046,1442,443,973,588,,,,,,,398.0,882.0,548.0,498.0,797.0,508.0,546.0,835.0,411.0,538.0,812.0,642.0,501.0,805.0,540.0,616.0,820.0,521.0,427.0,667.0,367.0,452.0,782.0,318.0,509.0,906.0,572.0,567.0,797.0,470.0,459.0,365.0,719.0
POINT (-73.91488962537817 40.86276958338556),107,107,Harlem River Bridges,University Heights Bridge,midpoint,,N,192.0,480.0,321.0,124.0,343.0,172.0,181.0,419.0,331.0,223.0,487.0,272.0,162,455,245,216.0,558.0,308.0,184,538,386,259,548,281,186,682,319,265,531,265,222,327,369,272,527,351,258,610,348,264,579,298,317,511,346,284,535,190,315,793,322,302,606,290,321,840,296,368,638,320,331,653,207,339,613,290,363,838,326,424,966,291,,,,,,,188.0,374.0,212.0,244.0,345.0,196.0,252.0,389.0,145.0,249.0,358.0,220.0,193.0,358.0,218.0,302.0,416.0,63.0,182.0,277.0,132.0,267.0,379.0,96.0,231.0,571.0,158.0,274.0,480.0,155.0,218.0,161.0,512.0
POINT (-73.93380588837293 40.82809995999489),108,108,Harlem River Bridges,Macombs Dam Bridge,midpoint,,N,103.0,197.0,297.0,224.0,351.0,148.0,129.0,304.0,213.0,209.0,297.0,168.0,151,183,293,265.0,478.0,396.0,166,380,322,251,409,373,222,407,286,275,472,389,275,382,320,258,460,372,267,485,479,253,465,408,247,476,402,404,664,585,259,498,411,423,690,590,270,518,418,449,714,608,267,497,410,459,725,605,251,455,372,239,420,314,,,,,,,132.0,422.0,162.0,199.0,374.0,174.0,208.0,387.0,215.0,144.0,269.0,263.0,124.0,355.0,224.0,155.0,293.0,174.0,172.0,282.0,198.0,170.0,397.0,234.0,148.0,251.0,150.0,210.0,628.0,170.0,166.0,179.0,523.0
POINT (-73.93330492386069 40.819494945411535),109,109,Harlem River Bridges,145th Street Bridge,midpoint,,N,132.0,200.0,135.0,158.0,338.0,122.0,7.0,23.0,8.0,89.0,135.0,99.0,72,157,58,92.0,216.0,299.0,70,159,216,113,197,236,128,201,290,117,219,261,79,286,351,325,836,497,250,897,494,353,873,533,124,493,292,197,526,386,136,505,323,193,539,394,112,456,293,208,563,389,133,457,278,235,589,416,162,502,365,167,493,284,,,,,,,209.0,731.0,337.0,198.0,414.0,230.0,161.0,414.0,300.0,136.0,379.0,247.0,127.0,355.0,234.0,129.0,354.0,289.0,129.0,342.0,182.0,167.0,419.0,212.0,173.0,426.0,202.0,175.0,428.0,76.0,331.0,344.0,842.0
POINT (-73.9331330278822 40.814131067977755),110,110,Harlem River Bridges,Madison Avenue Bridge,midpoint,,N,145.0,305.0,113.0,303.0,513.0,197.0,174.0,148.0,144.0,290.0,362.0,118.0,272,331,251,214.0,242.0,162.0,313,367,199,256,346,164,350,392,240,295,473,231,407,412,263,418,458,170,266,354,194,341,431,211,344,501,194,348,458,182,356,542,193,381,500,223,238,391,206,410,540,251,253,452,237,449,589,277,428,515,239,438,496,152,,,,,,,245.0,342.0,131.0,348.0,472.0,167.0,337.0,409.0,153.0,313.0,538.0,179.0,266.0,345.0,120.0,292.0,357.0,150.0,250.0,372.0,187.0,364.0,487.0,149.0,310.0,464.0,207.0,279.0,390.0,136.0,290.0,148.0,454.0
POINT (-73.93252967704326 40.807554810103504),111,111,Harlem River Bridges,Third Avenue Bridge,midpoint,,N,49.0,126.0,400.0,88.0,190.0,65.0,60.0,130.0,46.0,66.0,147.0,73.0,99,153,53,138.0,166.0,131.0,96,188,106,116,201,131,145,210,166,178,230,139,208,191,137,202,374,166,179,332,184,176,318,168,203,342,200,196,360,188,217,364,210,198,325,221,185,324,175,214,342,247,190,352,185,229,349,251,91,382,193,91,377,71,,,,,,,64.0,133.0,49.0,86.0,135.0,63.0,119.0,154.0,57.0,80.0,137.0,76.0,107.0,197.0,85.0,56.0,101.0,29.0,76.0,172.0,50.0,113.0,218.0,65.0,80.0,292.0,78.0,102.0,286.0,80.0,111.0,91.0,247.0
POINT (-73.92896107917844 40.803769279822106),112,112,Harlem River Bridges,Willis Avenue Bridge,midpoint,,N,57.0,118.0,127.0,125.0,214.0,85.0,218.0,193.0,100.0,146.0,178.0,82.0,83,110,78,66.0,110.0,79.0,66,102,71,78,118,50,71,87,29,61,102,60,82,114,71,134,213,126,152,331,108,176,349,144,127,309,108,168,351,148,133,319,122,168,338,162,101,242,123,227,393,158,109,237,144,273,458,181,111,216,160,162,202,203,,,,,,,71.0,116.0,59.0,127.0,240.0,90.0,119.0,212.0,73.0,137.0,218.0,117.0,103.0,187.0,57.0,73.0,134.0,102.0,82.0,129.0,73.0,125.0,162.0,92.0,105.0,236.0,71.0,143.0,229.0,135.0,105.0,67.0,189.0
POINT (-73.92785197149036 40.80034506063934),113,113,Harlem River Bridges,Triborough Bridge (Manhattan span),midpoint,,N,17.0,35.0,34.0,11.0,44.0,24.0,30.0,44.0,16.0,30.0,200.0,23.0,37,44,23,20.0,174.0,66.0,12,39,55,36,205,64,10,45,11,7,119,39,26,21,49,6,33,15,12,42,16,13,31,40,14,32,10,21,42,20,19,36,14,17,40,28,10,18,8,21,43,21,7,19,5,16,38,24,6,14,4,12,15,6,,,,,,,23.0,52.0,37.0,,,,,,,,,,,,,,,,,,,,,,,,,,,,21.0,40.0,58.0
POINT (-73.93686603590555 40.78611224350854),114,114,Harlem River Bridges,Wards Isla Bridge,midpoint,,N,57.0,207.0,71.0,63.0,186.0,149.0,45.0,203.0,113.0,80.0,190.0,120.0,33,213,324,43.0,151.0,173.0,37,169,674,77,205,913,32,66,70,62,189,936,78,249,439,102,460,569,191,455,435,92,514,594,164,527,312,123,458,564,189,539,312,117,424,581,160,484,300,159,490,587,169,493,312,178,519,608,187,543,351,213,490,263,,,,,,,237.0,405.0,353.0,188.0,507.0,1393.0,235.0,615.0,413.0,134.0,146.0,460.0,158.0,458.0,618.0,618.0,1071.0,792.0,627.0,1186.0,693.0,604.0,1091.0,556.0,141.0,495.0,223.0,177.0,277.0,327.0,174.0,266.0,592.0
