candidate_id,borough,latitude,longitude,restaurants_500m,cafes_500m,bars_500m,fast_food_500m,activity_total_500m,subway_500m,nearest_subway_m,turkish_restaurants_500m,nearest_turkish_m,boroct2020,rent_monthly_sqft_2024,rent_annual_sqft_2024,rent_monthly_sqft_2024_model,rent_source,rent_estimation_distance_m,subway_count_score,subway_proximity_score,subway_accessibility_score,turkish_competition_raw,turkish_competition_score,activity_score,rent_score,opportunity_score,university_demand_raw,office_demand_linear_raw,office_demand_sqrt_raw,office_demand_log_raw,university_demand_score,office_demand_score,population_generator_score,predicted_pedestrian_demand,pedestrian_demand_score,opportunity_balanced,opportunity_demand_led,opportunity_commercial,rank_balanced,rank_demand_led,rank_commercial,opportunity_zone,average_rank
C0398,Brooklyn,40.65053,-73.899097,0,0,0,0,0,2,33.1,0,6003.6,3109800,1.0,12.0,1.0,direct,0.0,0.75,0.9338,0.8419,0.0007685258722107,0.138592750533049,0.0,0.0,0.6758268123667377,6.383351934107966,1343.913377655752,241.6469325693101,158.27378093713207,0.1321961620469083,0.1695095948827292,0.1508528784648187,2920.290531262124,0.826226012793177,0.8958777540867093,0.8784648187633263,0.902771855010661,2.0,2.0,2.0,1,2.0
C0473,Brooklyn,40.66403,-73.905047,1,1,0,3,5,3,226.7,0,5672.8,3091000,3.0,36.0,3.0,direct,0.0,0.9,0.5466,0.7233,0.0010019577070019,0.1449893390191897,0.3051237766263673,0.2030075187969925,0.6701067297025463,8.548360774731421,1609.3672753193484,319.90639608170625,214.0024616179344,0.1609808102345416,0.2345415778251599,0.1977611940298507,2669.454777218696,0.7420042643923241,0.798002468858714,0.7840029177421166,0.7866008304342949,17.0,14.0,17.0,2,16.0
C0474,Brooklyn,40.66403,-73.899097,0,0,0,1,1,3,124.3,0,6139.9,3113200,,,3.0,estimated_nearby,567.9535404841318,0.9,0.7514000000000001,0.8257000000000001,0.0005496793719069,0.1257995735607676,0.1203223949337938,0.2030075187969925,0.6543038256440085,5.684204470235541,1419.3368152400226,286.08551473894323,192.01014368116304,0.1226012793176972,0.2004264392324094,0.1615138592750533,2888.5720453570525,0.8123667377398721,0.8278532151273706,0.8239815957804961,0.8185837728649984,10.0,5.0,9.0,2,8.0
C0475,Brooklyn,40.66403,-73.893147,0,0,0,0,0,2,162.1,0,6612.1,3112600,,,3.0,estimated_nearby,812.7158399636231,0.75,0.6758,0.7129,0.0003005224447159,0.1076759061833688,0.0,0.2030075187969925,0.6005541437549097,3.795444742017609,1248.213272937079,252.62832997088628,169.89415569867194,0.091684434968017,0.1769722814498934,0.1343283582089552,2613.916130088928,0.7260127931769723,0.8051097893988702,0.7853355403433959,0.7876669285153182,15.0,12.0,15.0,2,14.0
C0526,Brooklyn,40.67303,-73.899097,1,0,0,2,3,4,272.9,0,5863.5,3114400,3.0,36.0,3.0,direct,0.0,1.0,0.4542,0.7271000000000001,0.0006415043139259,0.1332622601279317,0.2256764536557282,0.2030075187969925,0.6541266686827011,5.207663948139317,1507.477259138199,308.6223676435356,208.6737303466328,0.115138592750533,0.2228144989339019,0.1689765458422175,2663.950323180231,0.7388059701492538,0.8008453970747765,0.7853355403433959,0.7876669285153182,16.0,12.0,15.0,3,14.333333333333334
C0529,Brooklyn,40.67303,-73.881247,3,0,0,0,3,1,129.3,0,7345.3,3116600,,,2.5,estimated_nearby,477.50761385941473,0.5,0.7414000000000001,0.6207,9.247015170563274e-05,0.0756929637526652,0.2256764536557282,0.0601503759398496,0.6776332784908033,1.484911632129264,905.3135927319815,200.47387153283864,137.14914476435484,0.0490405117270788,0.1332622601279317,0.0911513859275053,2410.75084552186,0.6332622601279317,0.8324729734784722,0.7826702951408372,0.8141061609246999,9.0,15.0,10.0,4,11.333333333333334
C0552,Brooklyn,40.67753,-73.905047,2,0,0,4,6,2,162.7,0,5287.4,3036700,,,3.0,estimated_nearby,373.792594512479,0.75,0.6746000000000001,0.7123,0.001365075139574,0.1556503198294243,0.3425446171560161,0.2030075187969925,0.6740466946323999,7.388548639414309,1860.032148396505,354.8126764707431,237.8105501582108,0.1439232409381663,0.2611940298507463,0.2025586353944563,2649.471401925713,0.7366737739872068,0.7926719784535966,0.7786724273369992,0.7823364381102009,18.0,18.0,19.0,3,18.333333333333332
C0553,Brooklyn,40.67753,-73.899097,1,0,0,4,5,4,70.5,0,5785.6,3114201,,,3.0,estimated_nearby,557.4156265768257,1.0,0.859,0.9295,0.0007071086839041,0.1364605543710021,0.3051237766263673,0.2030075187969925,0.7237889258645932,4.865943099981798,1487.8343657038356,300.0871796331306,203.2659220146737,0.1108742004264392,0.2142857142857143,0.1625799573560767,3163.652474979858,0.8678038379530917,0.842778588261699,0.8490349006845472,0.8386264167882393,6.0,4.0,7.0,3,5.666666666666667
C0554,Brooklyn,40.67753,-73.893147,1,0,0,7,8,3,134.7,0,6284.3,3119800,2.0,24.0,2.0,direct,0.0,0.9,0.7306,0.8153,0.0003663877099586,0.1162046908315565,0.3903281519861831,0.0311493018259935,0.7645685398321582,3.1982145661895096,1202.0662760256546,256.614452408954,175.67821434562063,0.0831556503198294,0.1823027718550106,0.13272921108742,2867.156104081964,0.8091684434968017,0.8872714836130838,0.8677457235840134,0.8879667185020119,3.0,3.0,3.0,3,3.0
C0559,Brooklyn,40.67753,-73.863397,0,0,0,3,3,1,149.5,0,8783.3,3120200,,,2.5,estimated_nearby,700.8471670883631,0.5,0.7010000000000001,0.6005,1.3746033744856254e-05,0.0319829424307036,0.2256764536557282,0.0601503759398496,0.6835107838212937,0.3935662245638695,518.8568595820908,117.96291316657612,80.61263429690469,0.0085287846481876,0.0660980810234541,0.0373134328358208,2355.904656066105,0.6098081023454158,0.8392249279916209,0.7818707215800696,0.8134665020760858,7.0,16.0,11.0,5,11.333333333333334
C0581,Brooklyn,40.68203,-73.881247,5,0,0,9,14,2,123.0,0,7255.0,3117400,,,3.0,estimated_nearby,819.0336357264703,0.75,0.754,0.752,0.0001052572524534,0.0810234541577825,0.4997121473805411,0.2030075187969925,0.7419202936064415,1.2772472021623114,737.6688407680756,174.1866387234127,121.53969558079648,0.044776119402985,0.1119402985074627,0.0783582089552238,2712.0907942758104,0.7601279317697228,0.8253656529383159,0.8090562226461677,0.8066434743575357,11.0,8.0,12.0,6,10.333333333333334
C0582,Brooklyn,40.68203,-73.875297,5,0,0,9,14,2,181.7,0,7756.6,3117800,,,2.5,estimated_nearby,424.3770419514165,0.75,0.6366,0.6933,5.419362997852038e-05,0.0660980810234541,0.4997121473805411,0.0601503759398496,0.7666909226043094,0.8385169855027914,628.5112150608757,154.71360842133507,108.51518295672014,0.0319829424307036,0.0970149253731343,0.0644989339019189,2576.681859570864,0.7046908315565032,0.8594807915310665,0.8207833015374256,0.8445965660419708,5.0,6.0,5.0,6,5.333333333333333
C0881,Manhattan,40.804417,-73.93468,2,0,0,7,9,1,247.2,0,4278.8,1024200,1.43,17.16,1.43,direct,0.0,0.5,0.5056,0.5028,0.003537935119996,0.2025586353944563,0.4127806563039724,0.0085929108485499,0.6761072775152416,114.53381368112642,6300.193001237612,623.5566471975623,360.8458055792141,0.7430703624733475,0.4744136460554372,0.6087420042643923,2593.396746322427,0.7132196162046909,0.8340226899872281,0.8038219215415938,0.8413389550635653,8.0,10.0,6.0,7,8.0
C0883,Manhattan,40.808917,-73.95848,17,13,1,6,37,1,492.1,0,4318.0,1020701,2.5,30.0,2.5,direct,0.0,0.5,0.0157999999999999,0.2578999999999999,0.0045647369088665,0.2132196162046908,0.7092688543465746,0.0601503759398496,0.6734497155505086,336.4423744861537,9084.67762403945,833.9653015545927,480.780774446307,0.9552238805970148,0.6545842217484008,0.8049040511727079,2673.6945514329914,0.7452025586353944,0.8239441888302845,0.8042587812815621,0.8313769498372798,12.0,9.0,8.0,8,9.666666666666666
C0902,Manhattan,40.822417,-73.93468,6,0,0,7,13,2,221.7,0,6131.3,1023600,1.0,12.0,1.0,direct,0.0,0.75,0.5566,0.6533,0.0002955481371538,0.1066098081023454,0.4864709268854346,0.0,0.7582902796957722,99.49852914570724,3010.1218697309287,430.27085576793536,273.1828720243497,0.6908315565031983,0.3304904051172708,0.5106609808102345,2880.6831861198248,0.8113006396588486,0.9015636105188344,0.8789978678038379,0.9031982942430704,1.0,1.0,1.0,9,1.0
C0906,Manhattan,40.826917,-73.93468,1,0,0,1,2,2,369.8,0,6608.0,1023600,1.0,12.0,1.0,direct,0.0,0.75,0.2603999999999999,0.5052,0.0001557102648653,0.0906183368869936,0.183649971214738,0.0,0.6495579085819361,90.16935916876334,2587.638035788789,394.4030610049767,254.0416342178424,0.6609808102345416,0.2931769722814499,0.4770788912579957,2493.235610155421,0.6769722814498934,0.8621179815209665,0.8158315565031983,0.8526652452025587,4.0,7.0,4.0,9,5.0
