opportunity_zone,borough,candidate_count,center_latitude,center_longitude,mean_pedestrian_score,mean_competition_score,mean_rent_score,mean_average_rank,best_average_rank
3,Brooklyn,4,40.676404999999995,-73.899097,0.7881130063965884,0.13539445628997865,0.16004296455424274,10.333333333333334,3.0
2,Brooklyn,3,40.66403,-73.899097,0.7601279317697228,0.12615493958777538,0.2030075187969925,12.666666666666666,8.0
9,Manhattan,2,40.824667000000005,-73.93468,0.744136460554371,0.0986140724946695,0.0,3.0,1.0
6,Brooklyn,2,40.68203,-73.87827200000001,0.732409381663113,0.0735607675906183,0.13157894736842105,7.833333333333334,5.333333333333333
1,Brooklyn,1,40.65053,-73.899097,0.826226012793177,0.138592750533049,0.0,2.0,2.0
7,Manhattan,1,40.804417,-73.93468,0.7132196162046909,0.2025586353944563,0.0085929108485499,8.0,8.0
8,Manhattan,1,40.808917,-73.95848,0.7452025586353944,0.2132196162046908,0.0601503759398496,9.666666666666666,9.666666666666666
4,Brooklyn,1,40.67303,-73.881247,0.6332622601279317,0.0756929637526652,0.0601503759398496,11.333333333333334,11.333333333333334
5,Brooklyn,1,40.67753,-73.863397,0.6098081023454158,0.0319829424307036,0.0601503759398496,11.333333333333334,11.333333333333334
