loc,borough,street_nam,from_stree,to_street,latitude,longitude,may26_am,may26_md,may26_pm,food_activity_raw,activity_total_500m,university_demand_raw,office_demand_sqrt_raw,subway_500m,nearest_subway_m,subway_accessibility_score
9,Brooklyn,5th Avenue,51st Street,52 Street,40.64426682358741,-74.01119296689038,1045.0,3210.0,4560.0,3885.0,64,36.2801762310198,699.2837233191417,1,255.75830429429604,0.494241695705704
10,Brooklyn,5th Avenue,Union Street,President Street,40.676093537146265,-73.98067647018506,598.0,2282.0,2625.0,2453.5,107,97.70415816355809,1179.7414642376389,1,246.155754668832,0.503844245331168
11,Brooklyn,7th Avenue,9th Street,8th Street,40.66717415129596,-73.98134205800814,2847.0,2540.0,3655.0,3097.5,93,60.717839233811404,949.8301284015621,1,133.17681877351296,0.616823181226487
12,Brooklyn,86th Street,4th Avenue,5th Avenue,40.6221388292004,-74.02728680504437,1294.0,2351.0,4315.0,3333.0,88,20.55558328903089,505.9201772115892,1,111.85131559325825,0.6381486844067418
13,Brooklyn,Atlantic Avenue,Boerum Place,Smith Street,40.68884781602201,-73.98983165443038,531.0,1823.0,2465.0,2144.0,168,250.72046116909934,1690.7075614150722,5,312.84379425886925,0.6871562057411307
14,Brooklyn,Bedford Avenue,North 7th Street,North 6th Street,40.71755737770773,-73.95802234844946,2758.0,5187.0,6471.0,5829.0,151,86.90818795853735,1747.9246147322924,1,100.96065486819386,0.6490393451318062
15,Brooklyn,Brighton Beach Avenue,Brighton 4th Street,Brighton 5th Street,40.57732714149917,-73.96276340616195,1389.0,3298.0,4572.0,3935.0,40,21.55452948876094,402.8604681462944,2,121.64488509588608,0.7533551149041139
16,Brooklyn,Church Avenue,Nostra Avenue,East 31st Street,40.650831467717424,-73.94908133692475,1442.0,1899.0,3374.0,2636.5,4,80.73818179012241,584.7010787952491,1,41.6665751134999,0.7083334248865001
17,Brooklyn,Cortelyou Road,Argyle Road,Rugby Road,40.64062739307868,-73.96573732115321,2026.0,1648.0,3295.0,2471.5,35,106.09497692059455,754.0837210270265,2,159.30683538253837,0.7156931646174616
18,Brooklyn,Court Street,Atlantic Avenue,Pacific Street,40.68942537824676,-73.99249336775775,1780.0,2814.0,4694.0,3754.0,147,237.46444869051766,1698.1197718343828,2,389.83467339175905,0.48516532660824097
19,Brooklyn,Eastern Parkway,Plaza Street East,Uerhill Avenue,40.67292523719001,-73.96818725047231,1181.0,2901.0,2455.0,2678.0,25,88.37666106754608,997.032379814114,2,338.0113784740378,0.5369886215259622
20,Brooklyn,Flatbush Avenue,Avenue U,Avenue V,40.6089208214552,-73.9214952312361,333.0,941.0,1287.0,1114.0,0,14.947948431482896,305.49430306370186,0,3059.2593062609794,0.0
21,Brooklyn,Flatbush Avenue,Martense Street,Church Avenue,40.650810536749546,-73.95882184227794,1479.0,3088.0,4351.0,3719.5,43,75.47212916535682,669.3336632208343,1,352.37702797800796,0.39762297202199204
22,Brooklyn,Flatbush Avenue,St. Marks Avenue,Prospect Place,40.67918699313476,-73.97390965382397,802.0,1762.0,2383.0,2072.5,133,117.68280023310507,1232.5458204544766,2,208.2744037928989,0.666725596207101
23,Brooklyn,Fulton Street,Lawrence Street,Bridge Street,40.69087186438648,-73.98588670734839,1701.0,3909.0,7283.0,5596.0,143,300.62017206194355,1786.9915121265865,5,78.23520689373446,0.9217647931062656
24,Brooklyn,Graham Avenue,Moore Street,Varet Street,40.703408264633794,-73.94255463338305,503.0,1947.0,2551.0,2249.0,29,55.809342921075405,1190.2305732681375,2,370.2073495632048,0.5047926504367952
25,Brooklyn,Gra Street,Manhattan Avenue,Graham Avenue,40.71156922033028,-73.9446668043415,532.0,1199.0,1879.0,1539.0,71,53.990930268816584,1278.602983231977,2,337.1087974555973,0.5378912025444027
26,Brooklyn,Jay Street,Willoughby Street,Metrotech Walk,40.69272414021878,-73.98727479290567,,,,,108,327.9727966574645,1883.8508468561527,3,74.30614776553143,0.8756938522344686
27,Brooklyn,Kings Highway,East 13th Street,East 14th Street,40.608201460936,-73.95959352755617,2048.0,2117.0,5694.0,3905.5,22,78.82224416850445,748.7939284294965,1,165.3946538723068,0.5846053461276932
28,Brooklyn,Montague Street,Henry Street,Clinton Street,40.69453486150852,-73.99336426671383,1727.0,2538.0,3689.0,3113.5,95,276.51895152346,1988.1298489095107,2,270.8757427504881,0.6041242572495119
29,Brooklyn,Myrtle Avenue,Vaerbilt Avenue,Clinton Avenue,40.693114646759874,-73.96931991427776,902.0,1605.0,2130.0,1867.5,75,211.62355225801014,1489.5862191169895,0,596.6908911820192,0.0
30,Brooklyn,Old Fulton Street,Elizabeth Place,Everit Place,40.70274648278773,-73.9939968076081,527.0,2632.0,2938.0,2785.0,49,246.48408792036074,2530.730888674033,1,478.6339617830587,0.27136603821694133
31,Brooklyn,Pitkin Avenue,Bristol Street,Hopkinson Avenue,40.669334561930114,-73.91307856842978,531.0,1398.0,2296.0,1847.0,6,14.565336094047078,398.3985434577912,0,831.1390453979722,0.0
32,Brooklyn,Sheepshead Bay Road,East 14th Street,East 15th Street,40.58754340485192,-73.95475091689498,1174.0,1057.0,2455.0,1756.0,39,38.52352299511419,571.2445020225391,1,87.83228928566467,0.6621677107143353
33,Brooklyn,VanBrunt Street,Beard Street,Vaike Street,40.67546559688342,-74.01511472616954,144.0,790.0,389.0,589.5,19,37.991933836356836,596.1436624639072,0,1629.0079674731394,0.0
34,Brooklyn,Washington Street,Front Street,Water Street,40.70286152715002,-73.98960330219742,1035.0,4713.0,4713.0,4713.0,68,251.5087373909362,2394.7854795583794,2,290.40054773057716,0.5845994522694229
35,Manhattan,Broad Street,Beaver Street,South William Street,40.70463665187375,-74.01155687409947,2676.0,1831.0,4405.0,3118.0,183,216.12459791798113,3387.343692389518,7,208.8385257470849,0.7911614742529152
36,Manhattan,Broadway,Morris Street,Exchange Place,40.70634164448271,-74.01286204592034,2791.0,6776.0,7882.0,7329.0,195,228.96245254058994,3507.3392793949447,7,105.71606376913464,0.8942839362308654
37,Manhattan,Broadway,West 63rd Street,West 64th Street,40.7718134030119,-73.98219706247882,1605.0,3684.0,5452.0,4568.0,64,283.8831558433147,3960.1325826580746,2,180.87212624335754,0.6941278737566424
38,Manhattan,Chambers Street,West Broadway,Greenwich Street,40.71590455900424,-74.01009312926121,4677.0,2190.0,5883.0,4036.5,134,331.74425321110476,4026.880448681368,5,84.31703084998058,0.9156829691500195
39,Manhattan,Columbus Avenue,West 75th Street,West 76th Street,40.77968082763136,-73.97713579908014,1340.0,3840.0,4183.0,4011.5,142,172.3693949499622,2538.78085760593,3,429.32906263820036,0.5206709373617997
40,Manhattan,Delancey Street,Orchard Street,Ludlow Street,40.71898935935359,-73.98936305063111,1217.0,3547.0,4315.0,3931.0,333,261.95442090880823,3514.8647075980375,4,146.03566329161998,0.85396433670838
41,Manhattan,East 14th Street,Fifth Avenue,University Place,40.73559926423828,-73.99265748471083,2370.0,4799.0,9169.0,6984.0,202,454.7082330208386,5312.207516835089,2,197.92185501398944,0.6770781449860106
42,Manhattan,East 42 Street,Park Avenue,Lexington Avenue,40.75169473512389,-73.97665547944715,7285.0,6138.0,16297.0,11217.5,240,388.7051771547432,7628.104155772618,1,67.88049542718493,0.682119504572815
43,Manhattan,East 8th Street,University Place,Greene Street,40.73143601770708,-73.99441204702927,1177.0,2617.0,5621.0,4119.0,192,462.7724675815112,4804.843204836875,2,194.29997812751003,0.6807000218724899
44,Manhattan,Eighth Avenue,West 44th Street,West 45th Street,40.7588482835213,-73.98861503057542,5915.0,11075.0,18498.0,14786.5,314,404.2955049853909,6805.76129245385,3,355.7872020953741,0.5942127979046259
45,Manhattan,Fifth Avenue,East 54th Street,East 55th Street,40.761353610911776,-73.97514418621735,4182.0,10980.0,15006.0,12993.0,151,335.3100296624976,6981.9156855165,3,132.11624090275754,0.8178837590972425
46,Manhattan,Forsyth Street,Canal Street,Division Street,40.71493552371378,-73.99451531515767,1087.0,2961.0,3096.0,3028.5,325,273.259289617726,3615.9202298998957,2,375.9733684282682,0.49902663157173177
47,Manhattan,Fulton Street,Broadway,Nassau Street,40.71055376746076,-74.0084036486757,3728.0,3910.0,8377.0,6143.5,198,304.87420181011936,4097.09424410279,7,70.31912430240835,0.9296808756975916
48,Manhattan,Fulton Street,Cliff Street,Pearl Street,40.70806272095774,-74.00451806937401,1908.0,2959.0,6009.0,4484.0,193,287.65155464804303,3771.7264016112817,2,359.2658981288587,0.5157341018711413
49,Manhattan,Lexington Avenue,East 57th Street,East 58th Street,40.761264607952285,-73.96888735867235,3686.0,2688.0,7911.0,5299.5,157,295.14495128537516,5966.303741923471,3,182.611653167045,0.767388346832955
50,Manhattan,Madison Avenue,East 71st Street,East 72 Street,40.77144062263456,-73.96568512678532,940.0,3223.0,3154.0,3188.5,29,277.2411156372379,3545.6724871556953,1,397.46889474021543,0.3525311052597846
51,Manhattan,Seventh Avenue,West 32 Street,West 33rd Street,40.749996387066574,-73.99134284997088,7281.0,8617.0,18567.0,13592.0,282,465.8745322119121,7130.4960631682825,4,48.306602394804344,0.9516933976051957
52,Manhattan,Trinity Place,Rector Street,Thames Street,40.708351612740366,-74.01257537541983,1355.0,1776.0,2573.0,2174.5,207,250.19985590284332,3714.14366006883,8,106.87685912961507,0.8931231408703849
53,Manhattan,Wall Street,New Street,Nassau Street,40.70733537559069,-74.01098647762808,4057.0,4818.0,8468.0,6643.0,262,250.9050791195576,3792.738508128756,7,77.80474822432976,0.9221952517756702
54,Manhattan,West 125th Street,Adam C. Powell Boulevard,Lenox Avenue,40.80842973710492,-73.94703781905247,1942.0,4632.0,9744.0,7188.0,45,201.55691974032968,837.1738062920002,1,150.02224888592633,0.5999777511140737
55,Manhattan,West 14th Street,Hudson Street,Eighth Avenue,40.740305392828965,-74.00384095197924,2648.0,5374.0,8431.0,6902.5,170,334.72837965726524,4489.169716813302,1,143.8477749821515,0.6061522250178485
56,Manhattan,West 181st Street,St. Nicholas Avenue,Wadsworth Avenue,40.84958094443508,-73.93434784508338,1202.0,3567.0,5536.0,4551.5,47,90.1365386732011,395.49303305380164,2,63.799897358419365,0.8112001026415806
57,Manhattan,West 34th Street,Broadway,Seventh Avenue,40.75045405486473,-73.98934552114228,7448.0,9658.0,20003.0,14830.5,312,475.0177018284641,7451.175376094577,4,144.45105286008595,0.855548947139914
58,Manhattan,West 40th Street,Avenue of the Americas,Fifth Avenue,40.752843606340384,-73.98335689692979,4189.0,3334.0,10748.0,7041.0,260,475.10931796186793,8077.353828177177,2,131.19939903279803,0.743800600967202
59,Manhattan,West 47th Street,Avenue of the Americas,Fifth Avenue,40.757338486389926,-73.98017962622333,2002.0,2634.0,6054.0,4344.0,215,416.19202860084005,8021.973399066373,3,176.2471664858709,0.773752833514129
60,Manhattan,Seco Avenue,50th Street,51st Street,40.755190220332366,-73.96829307507049,2106.0,2546.0,5245.0,3895.5,146,277.7690825602814,6046.713625376967,1,301.2466491730814,0.44875335082691864
61,Manhattan,Third Avenue,50th Street,51st Street,40.75613758564416,-73.97053303866996,3734.0,2546.0,7758.0,5152.0,180,305.67234841642147,6716.236026400512,1,132.5903215096442,0.6174096784903558
62,Manhattan,Lexington Avenue,50th Street,51st Street,40.756810835163854,-73.97213382742112,4250.0,2343.0,7724.0,5033.5,197,325.4016923376491,7118.052517943804,2,150.1827461973649,0.7248172538026351
63,Manhattan,Park Avenue,50th Street,51st Street,40.75753624831215,-73.97385284104773,5407.0,1393.0,10307.0,5850.0,183,342.54122368921645,7439.240638570465,2,284.3865664824609,0.590613433517539
64,Manhattan,Madison Avenue,50th Street,51st Street,40.75817343083521,-73.97536263666144,4968.0,2015.0,9630.0,5822.5,196,355.80905596043607,7604.770742696853,2,221.98210274638436,0.6530178972536156
65,Manhattan,Fifth Avenue,50th Street,51st Street,40.75885135958746,-73.97697246269053,3940.0,10999.0,12892.0,11945.5,191,367.54562802052516,7670.880520452191,2,207.5775636118278,0.6674224363881722
66,Manhattan,Sixth Avenue,50th Street,51st Street,40.76021178450935,-73.98019868261785,5540.0,6607.0,16178.0,11392.5,236,380.56967786039996,7496.567594196285,7,196.77908114578892,0.8032209188542111
67,Manhattan,Seventh Avenue,50th Street,51st Street,40.76140611887666,-73.98303507483828,3756.0,5651.0,9965.0,7808.0,250,379.4542907222339,7031.148264933056,6,77.33223216366665,0.9226677678363333
68,Manhattan,Broadway,50th Street,51st Street,40.76174395517826,-73.98383919698608,2675.0,5859.0,11499.0,8679.0,267,376.96657062264296,6852.577557790004,6,1.9568410373286564,0.9980431589626713
69,Manhattan,Eighth Avenue,50th Street,51st Street,40.76257065006476,-73.98589867014988,3573.0,6271.0,10824.0,8547.5,283,364.8376913140421,6344.46847364383,5,14.63460839441355,0.9853653916055864
70,Manhattan,Hudson River Greenway,50th Street,51st Street,40.7673124325193,-73.99694382805035,657.0,957.0,1341.0,1149.0,8,226.29663905714037,3387.135157676122,0,1069.382268198909,0.0
