candidate_id,borough,latitude,longitude,restaurants_500m,cafes_500m,bars_500m,fast_food_500m,activity_total_500m,subway_500m,nearest_subway_m,turkish_restaurants_500m,nearest_turkish_m,boroct2020,rent_monthly_sqft_2024,rent_annual_sqft_2024,rent_monthly_sqft_2024_model,rent_source,rent_estimation_distance_m
C0001,Brooklyn,40.57403,-74.006197,0,0,0,0,0,0,2141.9,0,1527.1,3033600,,,3.0,estimated_nearby,907.6872232218476
C0002,Brooklyn,40.57403,-74.000247,1,0,0,4,5,0,1649.6,0,1067.6,3034200,3.0,36.0,3.0,direct,0.0
C0003,Brooklyn,40.57403,-73.994297,1,0,0,5,6,0,1166.0,0,672.6,3034200,3.0,36.0,3.0,direct,0.0
C0004,Brooklyn,40.57403,-73.988347,2,0,0,5,7,0,709.4,0,519.7,3035200,2.0,24.0,2.0,direct,0.0
C0005,Brooklyn,40.57403,-73.982397,23,3,0,14,40,1,389.8,1,462.5,3035200,2.0,24.0,2.0,direct,0.0
C0006,Brooklyn,40.57403,-73.976447,19,3,0,13,35,1,237.1,1,186.1,3035200,2.0,24.0,2.0,direct,0.0
C0007,Brooklyn,40.57403,-73.970497,7,3,0,4,14,1,304.6,0,600.4,3035200,2.0,24.0,2.0,direct,0.0
C0008,Brooklyn,40.57403,-73.964547,17,5,0,6,28,2,419.4,0,904.7,3035200,2.0,24.0,2.0,direct,0.0
C0009,Brooklyn,40.57853,-74.012147,0,0,0,0,0,0,2613.7,0,1940.2,3033600,,,3.0,estimated_nearby,907.6872232218476
C0010,Brooklyn,40.57853,-74.006197,0,0,0,0,0,0,2111.9,0,1437.7,3033600,,,3.0,estimated_nearby,907.6872232218476
C0011,Brooklyn,40.57853,-74.000247,1,0,0,3,4,0,1610.5,0,935.2,3033000,,,3.0,estimated_nearby,605.7426022282159
C0012,Brooklyn,40.57853,-73.994297,2,0,0,5,7,0,1110.2,1,432.9,3033000,,,3.0,estimated_nearby,605.7426022282159
C0013,Brooklyn,40.57853,-73.988347,2,1,0,7,10,0,613.3,1,71.4,3032600,3.0,36.0,3.0,direct,0.0
C0014,Brooklyn,40.57853,-73.982397,18,3,0,11,32,1,157.6,0,541.2,3034800,3.0,36.0,3.0,direct,0.0
C0015,Brooklyn,40.57853,-73.976447,10,4,0,13,27,3,270.6,2,337.1,3035000,4.17,50.04,4.17,direct,0.0
C0016,Brooklyn,40.57853,-73.970497,10,5,0,6,21,2,298.7,1,196.9,3035602,4.0,48.0,4.0,direct,0.0
C0017,Brooklyn,40.57853,-73.964547,22,7,0,12,41,2,286.2,0,669.7,3036200,4.0,48.0,4.0,direct,0.0
C0018,Brooklyn,40.57853,-73.958597,11,6,0,8,25,1,255.5,0,963.4,3061004,7.0,84.0,7.0,direct,0.0
C0019,Brooklyn,40.57853,-73.952647,4,2,0,0,6,0,744.1,0,661.4,3062000,,,4.0,estimated_nearby,650.524602863884
C0020,Brooklyn,40.57853,-73.946697,0,0,0,0,0,0,1123.4,0,614.7,3062000,,,4.0,estimated_nearby,650.524602863884
C0021,Brooklyn,40.57853,-73.940747,0,0,0,1,1,0,1465.4,0,552.1,3062000,,,4.0,estimated_nearby,650.524602863884
C0022,Brooklyn,40.57853,-73.934797,0,0,0,1,1,0,1880.9,0,752.3,3061600,,,4.0,estimated_nearby,1190.8373155956153
C0023,Brooklyn,40.57853,-73.893147,0,0,0,0,0,0,5235.4,0,4066.2,3066600,,,4.0,estimated_nearby,948.1002535623995
C0024,Brooklyn,40.57853,-73.887197,0,0,0,0,0,0,5730.5,0,4564.5,3070202,,,3.0,estimated_nearby,2872.9116392380924
C0025,Brooklyn,40.58303,-73.994297,0,0,0,0,0,0,1099.3,0,650.5,3031402,,,3.0,estimated_nearby,1100.372643609301
C0026,Brooklyn,40.58303,-73.988347,2,1,0,4,7,0,753.1,1,490.8,3034800,3.0,36.0,3.0,direct,0.0
C0027,Brooklyn,40.58303,-73.982397,2,1,0,3,6,0,631.3,0,750.7,3034800,3.0,36.0,3.0,direct,0.0
C0028,Brooklyn,40.58303,-73.976447,0,1,0,2,3,1,274.6,0,514.6,3030800,,,3.0,estimated_nearby,647.1476947897279
C0029,Brooklyn,40.58303,-73.970497,4,0,0,1,5,1,411.0,1,411.8,3035400,5.0,60.0,5.0,direct,0.0
C0030,Brooklyn,40.58303,-73.964547,3,0,0,3,6,0,658.4,0,761.1,3036600,,,4.0,estimated_nearby,522.186460960758
C0031,Brooklyn,40.58303,-73.958597,6,2,0,3,11,0,570.5,0,652.4,3060800,5.0,60.0,5.0,direct,0.0
C0032,Brooklyn,40.58303,-73.893147,0,0,0,0,0,0,5169.8,0,4028.7,3066600,,,4.0,estimated_nearby,948.1002535623995
C0033,Brooklyn,40.58303,-73.887197,0,0,0,0,0,0,5670.7,0,4531.2,3070202,,,3.0,estimated_nearby,2872.9116392380924
C0034,Brooklyn,40.58303,-73.881247,0,0,0,0,0,0,6171.8,0,5033.6,3070202,,,3.0,estimated_nearby,2872.9116392380924
C0035,Brooklyn,40.58303,-73.869347,0,0,0,0,0,0,7174.6,0,6038.5,3070203,,,4.0,estimated_nearby,2841.5212012144934
C0036,Brooklyn,40.58753,-73.994297,1,0,0,1,2,0,901.2,0,1076.9,3031401,,,3.0,estimated_nearby,1055.4981133336182
C0037,Brooklyn,40.58753,-73.988347,1,0,0,4,5,1,413.5,0,988.6,3031401,,,3.0,estimated_nearby,1055.4981133336182
C0038,Brooklyn,40.58753,-73.982397,0,0,0,3,3,1,186.0,0,1140.2,3030800,,,3.0,estimated_nearby,647.1476947897279
C0039,Brooklyn,40.58753,-73.976447,3,1,0,3,7,1,297.4,0,946.7,3030800,,,3.0,estimated_nearby,647.1476947897279
C0040,Brooklyn,40.58753,-73.970497,4,2,0,4,10,1,393.0,0,895.0,3037402,2.0,24.0,2.0,direct,0.0
C0041,Brooklyn,40.58753,-73.964547,4,0,0,1,5,0,851.7,0,989.4,3037000,,,3.0,estimated_nearby,423.0047115197858
C0042,Brooklyn,40.58753,-73.958597,9,6,0,6,21,1,381.7,1,489.1,3058800,4.0,48.0,4.0,direct,0.0
C0043,Brooklyn,40.58753,-73.952647,22,9,0,9,40,1,145.6,2,66.2,3060600,4.0,48.0,4.0,direct,0.0
C0044,Brooklyn,40.58753,-73.946697,26,2,0,1,29,0,633.7,3,445.7,3060000,4.0,48.0,4.0,direct,0.0
C0045,Brooklyn,40.58753,-73.940747,5,0,0,2,7,0,1134.4,1,448.8,3060000,4.0,48.0,4.0,direct,0.0
C0046,Brooklyn,40.58753,-73.934797,1,0,0,1,2,0,1636.2,0,680.1,3059800,,,4.0,estimated_nearby,745.5944573426228
C0047,Brooklyn,40.58753,-73.922897,1,0,0,0,1,0,2640.5,0,1581.0,3062800,2.0,24.0,2.0,direct,0.0
C0048,Brooklyn,40.58753,-73.910997,0,0,0,0,0,0,3645.1,0,2560.5,3066600,,,4.0,estimated_nearby,948.1002535623995
C0049,Brooklyn,40.58753,-73.905047,0,0,0,0,0,0,4147.4,0,3056.5,3066600,,,4.0,estimated_nearby,948.1002535623995
C0050,Brooklyn,40.58753,-73.899097,0,0,0,0,0,0,4649.8,0,3554.2,3066600,,,4.0,estimated_nearby,948.1002535623995
C0051,Brooklyn,40.58753,-73.893147,0,0,0,0,0,0,5152.2,0,4053.2,3070202,,,3.0,estimated_nearby,2872.9116392380924
C0052,Brooklyn,40.58753,-73.887197,0,0,0,0,0,0,5654.6,0,4552.9,3070202,,,3.0,estimated_nearby,2872.9116392380924
C0053,Brooklyn,40.58753,-73.881247,0,0,0,0,0,0,6157.0,0,5053.1,3070202,,,3.0,estimated_nearby,2872.9116392380924
C0054,Brooklyn,40.58753,-73.869347,0,0,0,0,0,0,7123.7,0,6054.7,3070203,,,4.0,estimated_nearby,2841.5212012144934
C0055,Brooklyn,40.58753,-73.863397,0,0,0,0,0,0,7331.8,0,6555.9,3070203,,,4.0,estimated_nearby,2841.5212012144934
C0056,Brooklyn,40.59203,-73.994297,4,0,0,2,6,0,892.0,0,1062.6,3030400,,,3.0,estimated_nearby,680.1751654763558
C0057,Brooklyn,40.59203,-73.988347,1,1,0,2,4,0,524.8,0,1159.8,3030600,,,3.0,estimated_nearby,608.6939541305896
C0058,Brooklyn,40.59203,-73.982397,2,1,0,5,8,2,360.1,0,1437.3,3038200,,,3.0,estimated_nearby,504.82617194789145
C0059,Brooklyn,40.59203,-73.976447,2,1,0,7,10,2,169.0,0,1424.3,3038600,3.0,36.0,3.0,direct,0.0
C0060,Brooklyn,40.59203,-73.970497,2,2,0,4,8,1,415.0,0,1390.5,3038800,,,3.0,estimated_nearby,459.6099657569576
C0061,Brooklyn,40.59203,-73.964547,3,1,0,1,5,0,862.0,0,1137.2,3039000,,,4.0,estimated_nearby,289.8300978105927
C0062,Brooklyn,40.59203,-73.958597,6,0,0,1,7,1,460.5,0,744.0,3058400,,,4.0,estimated_nearby,425.0186616261566
C0063,Brooklyn,40.59203,-73.952647,5,2,0,3,10,1,415.9,0,564.5,3059200,,,4.0,estimated_nearby,378.40774901122575
C0064,Brooklyn,40.59203,-73.946697,3,0,0,2,5,0,799.1,0,767.3,3059404,4.0,48.0,4.0,direct,0.0
C0065,Brooklyn,40.59203,-73.940747,4,0,0,7,11,0,1268.0,0,949.1,3059402,3.0,36.0,3.0,direct,0.0
C0066,Brooklyn,40.59203,-73.934797,4,0,0,2,6,0,1731.4,0,1078.0,3062600,,,4.0,estimated_nearby,689.0915647652396
C0067,Brooklyn,40.59203,-73.928847,2,0,0,0,2,0,2212.0,0,1388.5,3062800,2.0,24.0,2.0,direct,0.0
C0068,Brooklyn,40.59203,-73.922897,2,0,0,0,2,0,2700.5,0,1788.6,3066600,,,4.0,estimated_nearby,948.1002535623995
C0069,Brooklyn,40.59203,-73.910997,0,0,0,1,1,0,3688.7,0,2693.6,3066600,,,4.0,estimated_nearby,948.1002535623995
C0070,Brooklyn,40.59203,-73.905047,0,0,0,1,1,0,4185.8,0,3168.7,3066600,,,4.0,estimated_nearby,948.1002535623995
C0071,Brooklyn,40.59203,-73.899097,0,0,0,0,0,0,4684.0,0,3651.2,3070202,,,3.0,estimated_nearby,2872.9116392380924
C0072,Brooklyn,40.59203,-73.893147,0,0,0,0,0,0,5183.1,0,4138.4,3070202,,,3.0,estimated_nearby,2872.9116392380924
C0073,Brooklyn,40.59203,-73.887197,0,0,0,0,0,0,5682.7,0,4628.9,3070202,,,3.0,estimated_nearby,2872.9116392380924
C0074,Brooklyn,40.59203,-73.881247,0,0,0,0,0,0,6182.8,0,5121.7,3070202,,,3.0,estimated_nearby,2872.9116392380924
C0075,Brooklyn,40.59653,-74.000247,5,1,0,2,8,0,810.0,0,778.1,3029200,3.0,36.0,3.0,direct,0.0
C0076,Brooklyn,40.59653,-73.994297,5,1,0,3,9,0,596.3,0,562.8,3030200,,,3.0,estimated_nearby,256.1990835411457
C0077,Brooklyn,40.59653,-73.988347,9,5,0,6,20,1,182.9,0,729.8,3030000,3.0,36.0,3.0,direct,0.0
C0078,Brooklyn,40.59653,-73.982397,3,2,0,6,11,2,294.5,0,1119.5,3040200,3.0,36.0,3.0,direct,0.0
C0079,Brooklyn,40.59653,-73.976447,5,0,0,7,12,3,250.2,0,1574.4,3039800,5.0,60.0,5.0,direct,0.0
C0080,Brooklyn,40.59653,-73.970497,2,0,0,2,4,1,247.0,0,1617.2,3039600,,,4.2,estimated_nearby,574.4069005260009
C0081,Brooklyn,40.59653,-73.964547,6,1,0,3,10,0,745.7,0,1442.1,3039200,3.0,36.0,3.0,direct,0.0
C0082,Brooklyn,40.59653,-73.958597,13,2,0,8,23,2,323.3,0,1169.8,3058200,4.2,50.400000000000006,4.2,direct,0.0
C0083,Brooklyn,40.59653,-73.952647,11,4,0,8,23,2,255.8,0,1064.8,3059200,,,4.0,estimated_nearby,378.40774901122575
C0084,Brooklyn,40.59653,-73.946697,4,2,0,10,16,0,728.8,0,1184.8,3059403,4.0,48.0,4.0,direct,0.0
C0085,Brooklyn,40.59653,-73.940747,6,2,0,14,22,0,1225.4,0,1444.6,3057200,,,3.5,estimated_nearby,297.4734353349122
C0086,Brooklyn,40.59653,-73.934797,1,1,0,4,6,0,1725.3,0,1536.9,3062600,,,4.0,estimated_nearby,689.0915647652396
C0087,Brooklyn,40.59653,-73.928847,1,0,0,1,2,0,2226.3,0,1768.7,3066600,,,4.0,estimated_nearby,948.1002535623995
C0088,Brooklyn,40.59653,-73.916947,0,0,0,0,0,0,3229.7,0,2484.9,3066600,,,4.0,estimated_nearby,948.1002535623995
C0089,Brooklyn,40.59653,-73.910997,0,0,0,0,0,0,3731.6,0,2907.8,3066600,,,4.0,estimated_nearby,948.1002535623995
C0090,Brooklyn,40.59653,-73.905047,0,0,0,0,0,0,4233.6,0,3352.7,3070202,,,3.0,estimated_nearby,2872.9116392380924
C0091,Brooklyn,40.59653,-73.899097,0,0,0,0,0,0,4735.8,0,3811.9,3070202,,,3.0,estimated_nearby,2872.9116392380924
C0092,Brooklyn,40.59653,-73.893147,0,0,0,0,0,0,5237.9,0,4280.8,3070202,,,3.0,estimated_nearby,2872.9116392380924
C0093,Brooklyn,40.59653,-73.887197,0,0,0,0,0,0,5709.1,0,4756.6,3070202,,,3.0,estimated_nearby,2872.9116392380924
C0094,Brooklyn,40.59653,-73.881247,0,0,0,0,0,0,5838.5,0,5237.4,3070202,,,3.0,estimated_nearby,2872.9116392380924
C0095,Brooklyn,40.59653,-73.857447,0,0,0,0,0,0,6716.3,0,7190.1,3070203,,,4.0,estimated_nearby,2841.5212012144934
C0096,Brooklyn,40.60103,-74.006197,6,0,0,1,7,0,783.1,0,1042.7,3028000,2.0,24.0,2.0,direct,0.0
C0097,Brooklyn,40.60103,-74.000247,21,6,0,8,35,1,429.6,0,542.0,3028600,5.0,60.0,5.0,direct,0.0
C0098,Brooklyn,40.60103,-73.994297,22,7,0,10,39,1,105.5,1,71.1,3029600,5.0,60.0,5.0,direct,0.0
C0099,Brooklyn,40.60103,-73.988347,13,5,0,5,23,2,391.4,1,470.1,3029800,4.0,48.0,4.0,direct,0.0
C0100,Brooklyn,40.60103,-73.982397,1,3,0,2,6,2,365.0,0,970.4,3040600,,,3.0,estimated_nearby,406.03044081101166
C0101,Brooklyn,40.60103,-73.976447,0,0,0,2,2,3,422.1,0,1472.0,3041000,,,4.0,estimated_nearby,677.764438001292
C0102,Brooklyn,40.60103,-73.970497,0,1,0,2,3,1,289.7,0,1190.9,3041401,,,4.0,estimated_nearby,563.4137369391826
C0103,Brooklyn,40.60103,-73.964547,5,1,0,3,9,0,703.1,0,971.4,3041600,,,4.2,estimated_nearby,340.96300091193194
C0104,Brooklyn,40.60103,-73.958597,11,0,0,7,18,1,296.2,0,860.0,3055600,,,4.5,estimated_nearby,523.7597097669636
C0105,Brooklyn,40.60103,-73.952647,10,3,0,8,21,1,337.3,0,994.5,3057800,5.0,60.0,5.0,direct,0.0
C0106,Brooklyn,40.60103,-73.946697,8,4,0,4,16,0,802.8,0,1315.9,3057600,3.5,42.0,3.5,direct,0.0
C0107,Brooklyn,40.60103,-73.940747,5,2,0,12,19,0,1296.1,0,1725.9,3056600,2.0,24.0,2.0,direct,0.0
C0108,Brooklyn,40.60103,-73.934797,3,1,0,6,10,0,1794.5,0,2015.7,3057000,4.0,48.0,4.0,direct,0.0
C0109,Brooklyn,40.60103,-73.916947,1,0,0,0,1,0,3289.9,0,2806.3,3066600,,,4.0,estimated_nearby,948.1002535623995
C0110,Brooklyn,40.60103,-73.910997,1,0,0,0,1,0,3783.8,0,3186.8,3070202,,,3.0,estimated_nearby,2872.9116392380924
C0111,Brooklyn,40.60103,-73.905047,0,0,0,0,0,0,4279.7,0,3597.3,3070202,,,3.0,estimated_nearby,2872.9116392380924
C0112,Brooklyn,40.60103,-73.899097,0,0,0,0,0,0,4776.9,0,4028.7,3070202,,,3.0,estimated_nearby,2872.9116392380924
C0113,Brooklyn,40.60103,-73.893147,0,0,0,0,0,0,5126.1,0,4475.0,3070202,,,3.0,estimated_nearby,2872.9116392380924
C0114,Brooklyn,40.60103,-73.887197,0,0,0,0,0,0,5221.7,0,4932.0,3070202,,,3.0,estimated_nearby,2872.9116392380924
C0115,Brooklyn,40.60103,-73.857447,0,0,0,0,0,0,6307.2,0,7307.2,3070203,,,4.0,estimated_nearby,2841.5212012144934
C0116,Brooklyn,40.60553,-74.029997,0,0,0,0,0,0,1235.6,0,1913.9,3016400,,,3.5,estimated_nearby,423.4770694593817
C0117,Brooklyn,40.60553,-74.024047,0,0,0,0,0,0,1361.4,0,1948.5,3016400,,,3.5,estimated_nearby,423.4770694593817
C0118,Brooklyn,40.60553,-74.018097,0,0,0,0,0,0,1407.2,0,2092.1,3015400,,,3.5,estimated_nearby,774.5803991027058
C0119,Brooklyn,40.60553,-74.012147,2,0,0,1,3,0,919.3,0,1604.4,3017200,4.0,48.0,4.0,direct,0.0
C0120,Brooklyn,40.60553,-74.006197,12,2,0,5,19,1,463.1,0,1129.7,3017800,3.0,36.0,3.0,direct,0.0
C0121,Brooklyn,40.60553,-74.000247,28,8,0,9,45,2,206.2,0,694.9,3028400,5.5,66.0,5.5,direct,0.0
C0122,Brooklyn,40.60553,-73.994297,23,7,0,11,41,2,344.3,1,440.7,3028800,4.17,50.04,4.17,direct,0.0
C0123,Brooklyn,40.60553,-73.988347,0,1,0,0,1,0,609.5,0,640.4,3027000,,,4.0,estimated_nearby,539.5505549640391
C0124,Brooklyn,40.60553,-73.982397,1,1,0,2,4,1,248.4,0,1063.3,3042800,3.0,36.0,3.0,direct,0.0
C0125,Brooklyn,40.60553,-73.976447,1,1,0,4,6,3,375.1,0,1304.4,3042400,,,3.0,estimated_nearby,434.1263562731091
C0126,Brooklyn,40.60553,-73.970497,2,2,0,4,8,2,301.5,0,849.8,3042200,4.0,48.0,4.0,direct,0.0
C0127,Brooklyn,40.60553,-73.964547,4,0,0,1,5,0,672.8,1,497.4,3041800,4.5,54.0,4.5,direct,0.0
C0128,Brooklyn,40.60553,-73.958597,3,2,0,8,13,1,356.7,2,360.1,3055600,,,4.5,estimated_nearby,523.7597097669636
C0129,Brooklyn,40.60553,-73.952647,0,0,0,0,0,0,553.5,0,610.1,3056000,,,3.5,estimated_nearby,526.7235591770598
C0130,Brooklyn,40.60553,-73.946697,0,0,0,0,0,0,995.0,0,1051.5,3056200,,,3.5,estimated_nearby,477.4427222421496
C0131,Brooklyn,40.60553,-73.940747,0,0,0,0,0,0,1457.0,0,1513.4,3056400,2.0,24.0,2.0,direct,0.0
C0132,Brooklyn,40.60553,-73.934797,2,0,0,1,3,0,1913.8,0,1994.9,3066600,,,4.0,estimated_nearby,948.1002535623995
C0133,Brooklyn,40.60553,-73.928847,0,0,0,0,0,0,2389.0,0,2484.7,3066600,,,4.0,estimated_nearby,948.1002535623995
C0134,Brooklyn,40.60553,-73.922897,0,0,0,0,0,0,2873.5,0,2881.2,3066600,,,4.0,estimated_nearby,948.1002535623995
C0135,Brooklyn,40.60553,-73.910997,1,0,0,0,1,0,3856.1,0,3515.2,3070201,,,4.17,estimated_nearby,533.9884950978789
C0136,Brooklyn,40.60553,-73.905047,0,0,0,0,0,0,4351.2,0,3891.3,3070201,,,4.17,estimated_nearby,533.9884950978789
C0137,Brooklyn,40.60553,-73.899097,0,0,0,0,0,0,4578.7,0,4293.2,3070602,,,4.17,estimated_nearby,1439.1846387312337
C0138,Brooklyn,40.60553,-73.845547,0,0,0,0,0,0,6594.6,0,8411.6,3070203,,,4.0,estimated_nearby,2841.5212012144934
C0139,Brooklyn,40.61003,-74.035947,2,1,0,2,5,0,848.8,0,1540.2,3016200,3.0,36.0,3.0,direct,0.0
C0140,Brooklyn,40.61003,-74.029997,2,0,0,2,4,0,736.7,0,1414.8,3016400,,,3.5,estimated_nearby,423.4770694593817
C0141,Brooklyn,40.61003,-74.024047,0,0,0,0,0,0,932.5,0,1461.3,3015400,,,3.5,estimated_nearby,774.5803991027058
C0142,Brooklyn,40.61003,-74.018097,0,0,0,0,0,0,1304.2,0,1665.4,3015400,,,3.5,estimated_nearby,774.5803991027058
C0143,Brooklyn,40.61003,-74.012147,7,1,0,1,9,0,908.7,0,1806.6,3017000,,,3.0,estimated_nearby,236.75206311427135
C0144,Brooklyn,40.61003,-74.006197,15,2,0,4,21,1,441.7,0,1402.2,3018000,,,3.0,estimated_nearby,250.2124051697933
C0145,Brooklyn,40.61003,-74.000247,15,3,0,6,24,2,262.8,0,1082.9,3027600,3.0,36.0,3.0,direct,0.0
C0146,Brooklyn,40.61003,-73.994297,2,0,0,2,4,0,658.0,0,940.2,3027400,,,3.0,estimated_nearby,366.80144933742235
C0147,Brooklyn,40.61003,-73.988347,4,1,0,3,8,0,583.4,0,1048.8,3026800,2.0,24.0,2.0,direct,0.0
C0148,Brooklyn,40.61003,-73.982397,7,1,0,7,15,1,203.8,0,1349.3,3043000,3.5,42.0,3.5,direct,0.0
C0149,Brooklyn,40.61003,-73.976447,2,1,0,3,6,2,313.3,0,1227.1,3043400,2.0,24.0,2.0,direct,0.0
C0150,Brooklyn,40.61003,-73.970497,0,1,0,1,2,1,245.0,0,725.7,3043800,3.0,36.0,3.0,direct,0.0
C0151,Brooklyn,40.61003,-73.964547,6,1,0,3,10,0,594.7,2,228.1,3044200,4.0,48.0,4.0,direct,0.0
C0152,Brooklyn,40.61003,-73.958597,9,4,0,12,25,1,167.9,4,76.6,3055400,5.0,60.0,5.0,direct,0.0
C0153,Brooklyn,40.61003,-73.952647,4,1,0,8,13,1,455.3,1,426.0,3055000,4.5,54.0,4.5,direct,0.0
C0154,Brooklyn,40.61003,-73.946697,0,0,0,0,0,0,943.9,0,928.2,3064200,4.0,48.0,4.0,direct,0.0
C0155,Brooklyn,40.61003,-73.940747,0,0,0,1,1,0,1441.9,0,1430.5,3064000,,,2.0,estimated_nearby,336.41140779315697
C0156,Brooklyn,40.61003,-73.934797,0,0,0,0,0,0,1942.1,0,1932.7,3063600,,,2.0,estimated_nearby,631.8200050244392
C0157,Brooklyn,40.61003,-73.928847,1,0,0,3,4,0,2443.2,0,2435.0,3066000,,,3.39,estimated_nearby,374.41219611929455
C0158,Brooklyn,40.61003,-73.922897,1,0,0,1,2,0,2944.7,0,2937.3,3066200,3.0,36.0,3.0,direct,0.0
C0159,Brooklyn,40.61003,-73.910997,0,0,0,0,0,0,3948.2,0,3880.6,3070201,,,4.17,estimated_nearby,533.9884950978789
C0160,Brooklyn,40.61003,-73.905047,0,0,0,0,0,0,4081.3,0,4224.2,3070201,,,4.17,estimated_nearby,533.9884950978789
C0161,Brooklyn,40.61003,-73.899097,0,0,0,0,0,0,4079.0,0,4597.1,3070602,,,4.17,estimated_nearby,1439.1846387312337
C0162,Brooklyn,40.61003,-73.893147,0,0,0,0,0,0,4138.1,0,4992.7,3070602,,,4.17,estimated_nearby,1439.1846387312337
C0163,Brooklyn,40.61003,-73.851497,0,0,0,0,0,0,5885.7,0,8100.6,3070203,,,4.0,estimated_nearby,2841.5212012144934
C0164,Brooklyn,40.61003,-73.845547,0,0,0,0,0,0,6257.9,0,8570.4,3070203,,,4.0,estimated_nearby,2841.5212012144934
C0165,Brooklyn,40.61003,-73.839597,0,0,0,0,0,0,6647.2,0,9043.7,3070203,,,4.0,estimated_nearby,2841.5212012144934
C0166,Brooklyn,40.61453,-74.035947,9,5,0,7,21,1,487.2,0,1100.8,3005601,3.0,36.0,3.0,direct,0.0
C0167,Brooklyn,40.61453,-74.029997,14,5,0,13,32,1,244.2,0,917.1,3016200,3.0,36.0,3.0,direct,0.0
C0168,Brooklyn,40.61453,-74.024047,0,0,0,1,1,0,621.6,0,987.4,3015200,,,3.5,estimated_nearby,529.0881967073108
C0169,Brooklyn,40.61453,-74.018097,0,0,0,0,0,0,1103.4,0,1270.1,3015400,,,3.5,estimated_nearby,774.5803991027058
C0170,Brooklyn,40.61453,-74.012147,5,1,0,2,8,0,980.5,0,1617.6,3015000,,,3.0,estimated_nearby,559.0621793228971
C0171,Brooklyn,40.61453,-74.006197,6,1,0,2,9,1,485.3,0,1776.7,3018400,,,3.0,estimated_nearby,580.068134461617
C0172,Brooklyn,40.61453,-74.000247,10,2,0,5,17,1,118.5,0,1537.3,3026400,2.71,32.52,2.71,direct,0.0
C0173,Brooklyn,40.61453,-73.994297,14,2,0,5,21,0,545.0,0,1440.4,3026600,3.0,36.0,3.0,direct,0.0
C0174,Brooklyn,40.61453,-73.988347,18,3,0,6,27,1,425.6,0,1513.5,3025800,3.0,36.0,3.0,direct,0.0
C0175,Brooklyn,40.61453,-73.982397,17,2,0,7,26,2,305.4,0,1735.2,3025400,2.0,24.0,2.0,direct,0.0
C0176,Brooklyn,40.61453,-73.976447,6,0,0,4,10,1,201.7,0,1345.8,3044600,,,3.0,estimated_nearby,571.2621929596785
C0177,Brooklyn,40.61453,-73.970497,1,0,0,1,2,1,319.6,0,912.1,3044400,,,3.0,estimated_nearby,480.9446707567024
C0178,Brooklyn,40.61453,-73.964547,1,1,0,1,3,0,553.8,0,597.8,3044200,4.0,48.0,4.0,direct,0.0
C0179,Brooklyn,40.61453,-73.958597,1,2,0,0,3,1,350.0,0,512.3,3054400,,,4.0,estimated_nearby,594.5318520112296
C0180,Brooklyn,40.61453,-73.952647,1,0,0,2,3,0,665.4,0,661.9,3075800,,,3.0,estimated_nearby,660.3834666774394
C0181,Brooklyn,40.61453,-73.946697,0,0,0,2,2,0,1125.8,0,1057.4,3064200,4.0,48.0,4.0,direct,0.0
C0182,Brooklyn,40.61453,-73.940747,0,0,0,3,3,0,1575.0,0,1517.5,3064400,2.0,24.0,2.0,direct,0.0
C0183,Brooklyn,40.61453,-73.934797,3,0,0,1,4,0,2042.9,0,1997.9,3065600,,,2.5,estimated_nearby,454.7405196373627
C0184,Brooklyn,40.61453,-73.928847,4,0,0,5,9,0,2524.0,0,2487.0,3065200,3.39,40.68,3.39,direct,0.0
C0185,Brooklyn,40.61453,-73.922897,1,0,0,3,4,0,2916.3,0,2980.5,3067000,4.17,50.04,4.17,direct,0.0
C0186,Brooklyn,40.61453,-73.916947,0,0,0,0,0,0,3294.6,0,3476.5,3068600,,,3.39,estimated_nearby,351.2035417735886
C0187,Brooklyn,40.61453,-73.910997,1,0,0,0,1,0,3654.5,0,3974.1,3069800,5.0,60.0,5.0,direct,0.0
C0188,Brooklyn,40.61453,-73.905047,1,0,0,0,1,0,3582.2,0,4472.7,3070601,,,4.17,estimated_nearby,988.9304720381822
C0189,Brooklyn,40.61453,-73.899097,0,0,0,0,0,0,3579.6,0,4933.1,3070602,,,4.17,estimated_nearby,1439.1846387312337
C0190,Brooklyn,40.61903,-74.035947,11,11,0,13,35,0,504.9,0,742.9,3005202,,,3.83,estimated_nearby,477.5340274866195
C0191,Brooklyn,40.61903,-74.029997,37,15,0,39,91,2,277.8,1,425.8,3005800,4.0,48.0,4.0,direct,0.0
C0192,Brooklyn,40.61903,-74.024047,9,2,0,19,30,0,547.9,0,561.3,3016000,4.0,48.0,4.0,direct,0.0
C0193,Brooklyn,40.61903,-74.018097,0,0,0,1,1,0,959.8,0,914.7,3016600,,,3.5,estimated_nearby,680.316396264551
C0194,Brooklyn,40.61903,-74.012147,1,0,0,3,4,0,1122.8,0,1271.9,3014800,,,3.5,estimated_nearby,605.538761762598
C0195,Brooklyn,40.61903,-74.006197,6,0,0,4,10,0,622.0,0,1703.9,3019800,2.5,30.0,2.5,direct,0.0
C0196,Brooklyn,40.61903,-74.000247,6,2,0,1,9,1,132.2,0,2013.6,3019000,3.0,36.0,3.0,direct,0.0
C0197,Brooklyn,40.61903,-73.994297,21,4,0,10,35,2,375.1,0,1940.6,3026200,,,3.0,estimated_nearby,422.56724680938623
C0198,Brooklyn,40.61903,-73.988347,17,4,0,7,28,2,252.5,0,1995.5,3024800,4.0,48.0,4.0,direct,0.0
C0199,Brooklyn,40.61903,-73.982397,10,1,0,1,12,1,285.8,0,1861.5,3024600,,,3.0,estimated_nearby,292.5505410985394
C0200,Brooklyn,40.61903,-73.976447,0,0,0,0,0,2,217.6,0,1403.9,3044800,,,3.0,estimated_nearby,694.9500396757667
C0201,Brooklyn,40.61903,-73.970497,1,0,0,0,1,1,446.4,0,990.4,3044800,,,3.0,estimated_nearby,694.9500396757667
C0202,Brooklyn,40.61903,-73.964547,1,1,0,0,2,1,462.0,0,703.9,3045400,3.0,36.0,3.0,direct,0.0
C0203,Brooklyn,40.61903,-73.958597,0,1,0,1,2,1,171.0,0,717.1,3076800,3.0,36.0,3.0,direct,0.0
C0204,Brooklyn,40.61903,-73.952647,0,0,0,1,1,0,591.1,0,1018.5,3076000,,,3.0,estimated_nearby,549.299475109432
C0205,Brooklyn,40.61903,-73.946697,0,0,0,2,2,0,1083.5,0,1369.5,3075600,,,4.0,estimated_nearby,517.3057562019055
C0206,Brooklyn,40.61903,-73.940747,0,0,0,0,0,0,1582.1,0,1749.3,3074600,,,4.0,estimated_nearby,481.6652211073169
C0207,Brooklyn,40.61903,-73.934797,5,0,0,1,6,0,1879.3,0,2179.2,3065000,4.0,48.0,4.0,direct,0.0
C0208,Brooklyn,40.61903,-73.928847,5,0,0,2,7,0,2207.4,0,2634.8,3067400,2.5,30.0,2.5,direct,0.0
C0209,Brooklyn,40.61903,-73.922897,1,0,0,0,1,0,2591.9,0,3104.9,3069000,,,3.39,estimated_nearby,754.8721170682398
C0210,Brooklyn,40.61903,-73.916947,1,0,0,0,1,0,3011.2,0,3583.7,3069800,5.0,60.0,5.0,direct,0.0
C0211,Brooklyn,40.61903,-73.910997,1,1,0,0,2,0,3167.1,0,4068.1,3069602,2.5,30.0,2.5,direct,0.0
C0212,Brooklyn,40.61903,-73.905047,2,1,0,0,3,0,3083.5,0,4556.4,3070000,,,4.17,estimated_nearby,545.6504484825523
C0213,Brooklyn,40.61903,-73.899097,0,0,0,0,0,0,3080.4,0,5047.4,3070602,,,4.17,estimated_nearby,1439.1846387312337
C0214,Brooklyn,40.61903,-73.875297,0,0,0,0,0,0,3802.1,0,6800.1,3070203,,,4.0,estimated_nearby,2841.5212012144934
C0215,Brooklyn,40.61903,-73.869347,0,0,0,0,0,0,4118.0,0,7214.9,3070203,,,4.0,estimated_nearby,2841.5212012144934
C0216,Brooklyn,40.62353,-74.035947,19,9,0,8,36,0,644.0,0,626.7,3005000,,,4.0,estimated_nearby,611.2080079702264
C0217,Brooklyn,40.62353,-74.029997,40,13,0,34,87,1,164.3,1,149.1,3006200,3.83,45.96,3.83,direct,0.0
C0218,Brooklyn,40.62353,-74.024047,20,5,0,31,56,1,379.0,2,248.6,3014200,3.5,42.0,3.5,direct,0.0
C0219,Brooklyn,40.62353,-74.018097,0,0,0,0,0,0,874.4,0,581.9,3020600,,,3.8,estimated_nearby,620.2433612845018
C0220,Brooklyn,40.62353,-74.012147,3,0,0,2,5,0,1045.0,0,1058.2,3020400,,,3.5,estimated_nearby,710.0927663876679
C0221,Brooklyn,40.62353,-74.006197,6,1,0,1,8,0,758.3,0,1550.9,3019600,3.0,36.0,3.0,direct,0.0
C0222,Brooklyn,40.62353,-74.000247,6,3,0,0,9,2,386.6,0,2048.2,3019000,3.0,36.0,3.0,direct,0.0
C0223,Brooklyn,40.62353,-73.994297,2,2,0,1,5,2,307.4,0,2440.9,3025000,,,3.0,estimated_nearby,540.7289214191266
C0224,Brooklyn,40.62353,-73.988347,5,0,0,3,8,1,362.6,0,2247.0,3024400,,,3.0,estimated_nearby,312.50467118322
C0225,Brooklyn,40.62353,-73.982397,0,0,0,0,0,0,565.4,0,1746.6,3046800,,,3.0,estimated_nearby,578.2398565228374
C0226,Brooklyn,40.62353,-73.976447,0,1,0,0,1,2,201.1,0,1247.5,3046202,,,3.0,estimated_nearby,763.1923082615488
C0227,Brooklyn,40.62353,-73.970497,1,0,0,0,1,0,506.1,0,752.6,3045000,,,3.0,estimated_nearby,695.8801806974681
C0228,Brooklyn,40.62353,-73.964547,5,3,0,0,8,1,357.8,1,284.4,3053400,3.0,36.0,3.0,direct,0.0
C0229,Brooklyn,40.62353,-73.958597,3,3,0,0,6,1,250.6,1,315.7,3053200,,,3.0,estimated_nearby,311.5554373424017
C0230,Brooklyn,40.62353,-73.952647,0,0,0,0,0,0,708.5,0,789.2,3075400,,,3.0,estimated_nearby,777.9519722251231
C0231,Brooklyn,40.62353,-73.946697,0,0,0,0,0,0,1037.8,0,1284.6,3074800,,,4.0,estimated_nearby,587.1767646550728
C0232,Brooklyn,40.62353,-73.940747,0,0,0,0,0,0,1187.2,0,1783.8,3073800,,,3.0,estimated_nearby,538.6520043073413
C0233,Brooklyn,40.62353,-73.934797,1,0,0,0,1,0,1498.6,0,2284.3,3073600,,,3.39,estimated_nearby,461.9925780092114
C0234,Brooklyn,40.62353,-73.928847,1,0,0,0,1,0,1893.8,0,2785.4,3067600,,,3.0,estimated_nearby,714.1788721006664
C0235,Brooklyn,40.62353,-73.922897,0,0,0,0,0,0,2330.6,0,3286.8,3069200,,,3.0,estimated_nearby,553.0849556856937
C0236,Brooklyn,40.62353,-73.916947,2,1,0,0,3,0,2789.4,0,3755.0,3069601,5.17,62.04,5.17,direct,0.0
C0237,Brooklyn,40.62353,-73.910997,0,0,0,0,0,0,2684.6,0,4219.8,3069602,2.5,30.0,2.5,direct,0.0
C0238,Brooklyn,40.62353,-73.905047,1,1,0,0,2,0,2585.4,0,4692.3,3069602,2.5,30.0,2.5,direct,0.0
C0239,Brooklyn,40.62353,-73.893147,0,0,0,0,0,0,2674.1,0,5652.7,3102802,,,3.0,estimated_nearby,1606.8212182983054
C0240,Brooklyn,40.62353,-73.869347,0,0,0,0,0,0,3759.5,0,7500.4,3070203,,,4.0,estimated_nearby,2841.5212012144934
C0241,Brooklyn,40.62353,-73.863397,0,0,0,0,0,0,4140.0,0,7910.3,3070203,,,4.0,estimated_nearby,2841.5212012144934
C0242,Brooklyn,40.62803,-74.035947,0,0,0,0,0,0,871.1,0,857.0,3004600,,,4.0,estimated_nearby,602.4420040168528
C0243,Brooklyn,40.62803,-74.029997,30,6,0,12,48,1,423.8,0,540.4,3006400,4.0,48.0,4.0,direct,0.0
C0244,Brooklyn,40.62803,-74.024047,25,10,0,26,61,1,226.9,1,254.2,3013600,4.08,48.96,4.08,direct,0.0
C0245,Brooklyn,40.62803,-74.018097,11,5,0,14,30,0,653.9,0,584.3,3013400,3.8,45.6,3.8,direct,0.0
C0246,Brooklyn,40.62803,-74.012147,9,0,0,4,13,0,684.2,0,1059.5,3020800,,,3.0,estimated_nearby,516.5999915947623
C0247,Brooklyn,40.62803,-74.006197,4,1,0,4,9,1,379.9,0,1551.7,3021200,4.38,52.56,4.38,direct,0.0
C0248,Brooklyn,40.62803,-74.000247,1,1,0,1,3,1,403.9,0,2048.8,3019200,2.0,24.0,2.0,direct,0.0
C0249,Brooklyn,40.62803,-73.994297,1,2,0,1,4,2,328.9,0,2547.9,3024200,,,3.92,estimated_nearby,484.9810751798281
C0250,Brooklyn,40.62803,-73.988347,1,0,0,0,1,0,710.8,0,2266.1,3047000,,,3.92,estimated_nearby,502.6331250238671
C0251,Brooklyn,40.62803,-73.982397,1,0,0,0,1,1,496.5,0,1771.0,3047400,3.0,36.0,3.0,direct,0.0
C0252,Brooklyn,40.62803,-73.976447,3,1,0,1,5,2,196.8,0,1281.6,3048000,4.0,48.0,4.0,direct,0.0
C0253,Brooklyn,40.62803,-73.970497,2,1,0,0,3,0,562.5,0,807.9,3045800,,,4.0,estimated_nearby,503.38348765014916
C0254,Brooklyn,40.62803,-73.964547,6,3,0,4,13,2,281.5,1,408.8,3053000,7.5,90.0,7.5,direct,0.0
C0255,Brooklyn,40.62803,-73.958597,2,3,0,2,7,2,291.4,1,431.2,3076400,,,4.0,estimated_nearby,589.8471399481058
C0256,Brooklyn,40.62803,-73.952647,0,1,0,0,1,0,681.2,0,842.0,3075200,,,4.0,estimated_nearby,641.9317634047866
C0257,Brooklyn,40.62803,-73.946697,3,1,0,0,4,0,540.3,0,1317.7,3074200,4.5,54.0,4.5,direct,0.0
C0258,Brooklyn,40.62803,-73.940747,1,0,0,0,1,0,790.0,0,1807.8,3074000,3.0,36.0,3.0,direct,0.0
C0259,Brooklyn,40.62803,-73.934797,0,0,0,0,0,0,1208.5,0,2303.0,3073200,,,3.0,estimated_nearby,639.1591419911555
C0260,Brooklyn,40.62803,-73.928847,1,0,0,1,2,0,1673.7,0,2800.7,3073000,,,3.0,estimated_nearby,622.2930193689906
C0261,Brooklyn,40.62803,-73.922897,1,1,0,1,3,0,2155.5,0,3299.8,3067800,,,3.0,estimated_nearby,712.6337491605917
C0262,Brooklyn,40.62803,-73.916947,1,2,0,1,4,0,2431.3,0,3799.7,3069601,5.17,62.04,5.17,direct,0.0
C0263,Brooklyn,40.62803,-73.905047,0,0,0,0,0,0,2088.4,0,4800.8,3099800,,,3.0,estimated_nearby,568.6848674846457
C0264,Brooklyn,40.62803,-73.899097,0,0,0,0,0,0,2083.9,0,5301.9,3102600,,,3.0,estimated_nearby,1354.1447038894714
C0265,Brooklyn,40.62803,-73.893147,0,0,0,0,0,0,2197.2,0,5803.1,3102802,,,3.0,estimated_nearby,1606.8212182983054
C0266,Brooklyn,40.63253,-74.035947,0,0,0,0,0,0,933.7,0,1235.9,3004400,,,4.0,estimated_nearby,627.3586825848769
C0267,Brooklyn,40.63253,-74.029997,32,12,0,21,65,1,489.4,0,892.0,3006600,4.8,57.6,4.8,direct,0.0
C0268,Brooklyn,40.63253,-74.024047,36,27,0,44,107,2,276.8,0,753.8,3013000,4.0,48.0,4.0,direct,0.0
C0269,Brooklyn,40.63253,-74.018097,9,8,0,14,31,0,521.5,0,919.2,3012600,3.0,36.0,3.0,direct,0.0
C0270,Brooklyn,40.63253,-74.012147,24,9,0,15,48,1,284.1,0,1275.2,3012000,3.0,36.0,3.0,direct,0.0
C0271,Brooklyn,40.63253,-74.006197,19,9,0,12,40,1,145.9,0,1706.3,3021400,1.0,12.0,1.0,direct,0.0
C0272,Brooklyn,40.63253,-74.000247,7,3,0,2,12,2,420.6,0,2122.2,3021600,4.0,48.0,4.0,direct,0.0
C0273,Brooklyn,40.63253,-73.994297,4,3,0,1,8,2,157.2,0,2243.4,3023800,4.0,48.0,4.0,direct,0.0
C0274,Brooklyn,40.63253,-73.988347,3,1,0,1,5,0,613.8,0,2392.0,3023600,3.92,47.04,3.92,direct,0.0
C0275,Brooklyn,40.63253,-73.982397,3,1,0,0,4,0,535.1,0,1929.6,3047600,3.0,36.0,3.0,direct,0.0
C0276,Brooklyn,40.63253,-73.976447,5,2,0,3,10,2,311.7,0,1493.1,3047800,4.0,48.0,4.0,direct,0.0
C0277,Brooklyn,40.63253,-73.970497,4,4,0,6,14,0,627.4,0,1113.4,3048200,,,4.0,estimated_nearby,341.37569657074596
C0278,Brooklyn,40.63253,-73.964547,6,7,0,14,27,2,320.1,0,868.4,3046000,4.0,48.0,4.0,direct,0.0
C0279,Brooklyn,40.63253,-73.958597,1,3,0,8,12,2,444.2,0,879.2,3076400,,,4.0,estimated_nearby,589.8471399481058
C0280,Brooklyn,40.63253,-73.952647,4,1,0,0,5,1,423.7,0,1138.4,3077200,,,4.0,estimated_nearby,464.29131279163397
C0281,Brooklyn,40.63253,-73.946697,5,2,0,0,7,1,86.7,0,1524.2,3078601,4.0,48.0,4.0,direct,0.0
C0282,Brooklyn,40.63253,-73.940747,1,1,0,0,2,0,582.8,0,1963.4,3078000,,,4.0,estimated_nearby,689.9411489624524
C0283,Brooklyn,40.63253,-73.934797,0,0,0,0,0,0,1084.5,0,2427.1,3072600,,,3.0,estimated_nearby,652.7403441370789
C0284,Brooklyn,40.63253,-73.928847,0,0,0,2,2,0,1586.4,0,2903.6,3072200,3.0,36.0,3.0,direct,0.0
C0285,Brooklyn,40.63253,-73.922897,0,1,0,3,4,0,2088.4,0,3387.5,3072200,3.0,36.0,3.0,direct,0.0
C0286,Brooklyn,40.63253,-73.916947,0,1,0,4,5,0,2022.2,0,3876.0,3099800,,,3.0,estimated_nearby,568.6848674846457
C0287,Brooklyn,40.63253,-73.910997,0,0,0,3,3,0,1749.9,0,4367.7,3099800,,,3.0,estimated_nearby,568.6848674846457
C0288,Brooklyn,40.63253,-73.905047,0,0,0,0,0,0,1593.5,0,4861.4,3099600,,,3.0,estimated_nearby,801.9933574163322
C0289,Brooklyn,40.63253,-73.899097,0,0,0,0,0,0,1587.6,0,5356.8,3100600,,,3.0,estimated_nearby,1235.1699355165138
C0290,Brooklyn,40.63253,-73.893147,0,0,0,3,3,0,1733.7,0,5853.2,3102400,,,4.0,estimated_nearby,1666.0865195559447
C0291,Brooklyn,40.63253,-73.887197,0,0,0,3,3,0,1998.8,0,6350.6,3103401,,,4.0,estimated_nearby,1379.5027961878184
C0292,Brooklyn,40.63253,-73.881247,0,0,0,0,0,0,2342.8,0,6848.7,3103402,,,4.0,estimated_nearby,1346.5872042630008
C0293,Brooklyn,40.63253,-73.857447,0,0,0,0,0,0,4062.5,0,8824.7,3070203,,,4.0,estimated_nearby,2841.5212012144934
C0294,Brooklyn,40.63703,-74.035947,2,1,0,2,5,0,1085.2,0,1591.1,3003400,,,4.0,estimated_nearby,956.7470634279524
C0295,Brooklyn,40.63703,-74.029997,14,8,0,16,38,0,603.9,0,1341.6,3003000,,,4.0,estimated_nearby,761.2187095938239
C0296,Brooklyn,40.63703,-74.024047,16,16,0,24,56,1,236.3,0,1254.0,3007000,,,3.0,estimated_nearby,450.6152137599807
C0297,Brooklyn,40.63703,-74.018097,12,11,0,17,40,1,482.0,0,1359.9,3012200,4.02,48.24,4.02,direct,0.0
C0298,Brooklyn,40.63703,-74.012147,35,17,0,23,75,1,221.6,0,1621.8,3011800,4.0,48.0,4.0,direct,0.0
C0299,Brooklyn,40.63703,-74.006197,42,13,0,9,64,0,514.7,0,1619.6,3010402,5.0,60.0,5.0,direct,0.0
C0300,Brooklyn,40.63703,-74.000247,7,1,0,4,12,1,468.3,0,1627.4,3011600,4.0,48.0,4.0,direct,0.0
C0301,Brooklyn,40.63703,-73.994297,5,2,0,5,12,2,95.2,0,1782.5,3022000,3.0,36.0,3.0,direct,0.0
C0302,Brooklyn,40.63703,-73.988347,2,1,0,1,4,0,550.4,0,2052.0,3023200,3.0,36.0,3.0,direct,0.0
C0303,Brooklyn,40.63703,-73.982397,4,2,0,1,7,1,370.6,0,2193.4,3023000,3.0,36.0,3.0,direct,0.0
C0304,Brooklyn,40.63703,-73.976447,5,2,0,2,9,1,177.3,0,1821.3,3048600,3.0,36.0,3.0,direct,0.0
C0305,Brooklyn,40.63703,-73.970497,15,7,0,7,29,0,655.5,0,1525.6,3049000,,,4.0,estimated_nearby,382.8295443278406
C0306,Brooklyn,40.63703,-73.964547,20,11,0,15,46,2,262.3,0,1357.2,3052000,5.5,66.0,5.5,direct,0.0
C0307,Brooklyn,40.63703,-73.958597,7,3,0,8,18,1,415.1,0,1364.1,3051800,1.0,12.0,1.0,direct,0.0
C0308,Brooklyn,40.63703,-73.952647,5,1,0,3,9,1,484.2,0,1543.9,3077000,4.0,48.0,4.0,direct,0.0
C0309,Brooklyn,40.63703,-73.946697,1,0,0,1,2,2,357.2,0,1846.9,3078802,,,4.0,estimated_nearby,399.01663314037603
C0310,Brooklyn,40.63703,-73.940747,0,0,0,0,0,0,724.5,0,2223.1,3078200,,,4.0,estimated_nearby,477.9844265627974
C0311,Brooklyn,40.63703,-73.934797,0,0,0,0,0,0,1180.0,0,2641.6,3083600,,,3.0,estimated_nearby,474.9393921050617
C0312,Brooklyn,40.63703,-73.928847,0,0,0,1,1,0,1653.1,0,3085.1,3093200,2.92,35.04,2.92,direct,0.0
C0313,Brooklyn,40.63703,-73.922897,0,1,0,0,1,0,2073.3,0,3544.3,3094401,3.0,36.0,3.0,direct,0.0
C0314,Brooklyn,40.63703,-73.916947,0,1,0,3,4,0,1663.7,0,4013.8,3095000,3.0,36.0,3.0,direct,0.0
C0315,Brooklyn,40.63703,-73.910997,0,0,0,2,2,0,1319.4,0,4490.3,3095400,1.0,12.0,1.0,direct,0.0
C0316,Brooklyn,40.63703,-73.905047,0,0,0,0,0,0,1103.6,0,4971.9,3099400,,,3.0,estimated_nearby,975.7966296503008
C0317,Brooklyn,40.63703,-73.899097,3,1,0,1,5,0,1095.1,0,5457.2,3099200,,,3.0,estimated_nearby,1072.0159668032106
C0318,Brooklyn,40.63703,-73.893147,3,1,0,1,5,0,1297.8,0,5945.3,3102200,,,3.0,estimated_nearby,1171.4674599462787
C0319,Brooklyn,40.63703,-73.887197,0,0,0,1,1,0,1635.2,0,6435.5,3102000,,,4.0,estimated_nearby,870.3341401181492
C0320,Brooklyn,40.63703,-73.881247,0,0,0,0,0,0,2041.3,0,6927.4,3103402,,,4.0,estimated_nearby,1346.5872042630008
C0321,Brooklyn,40.63703,-73.845547,0,0,0,0,0,0,4594.8,0,9900.5,3070203,,,4.0,estimated_nearby,2841.5212012144934
C0322,Brooklyn,40.64153,-74.035947,1,1,0,0,2,0,1287.5,0,2009.1,3003400,,,4.0,estimated_nearby,956.7470634279524
C0323,Brooklyn,40.64153,-74.029997,1,0,0,2,3,0,919.0,0,1818.0,3003400,,,4.0,estimated_nearby,956.7470634279524
C0324,Brooklyn,40.64153,-74.024047,0,1,0,2,3,0,520.6,0,1754.3,3002200,2.0,24.0,2.0,direct,0.0
C0325,Brooklyn,40.64153,-74.018097,11,5,0,28,44,1,26.1,0,1652.4,3007400,3.0,36.0,3.0,direct,0.0
C0326,Brooklyn,40.64153,-74.012147,15,5,0,39,59,2,424.5,0,1321.9,3010000,4.64,55.67999999999999,4.64,direct,0.0
C0327,Brooklyn,40.64153,-74.006197,25,2,0,4,31,0,769.5,0,1126.3,3010801,5.0,60.0,5.0,direct,0.0
C0328,Brooklyn,40.64153,-74.000247,21,1,0,6,28,0,506.1,0,1137.4,3009402,3.0,36.0,3.0,direct,0.0
C0329,Brooklyn,40.64153,-73.994297,3,0,0,7,10,1,68.5,0,1350.1,3011200,3.0,36.0,3.0,direct,0.0
C0330,Brooklyn,40.64153,-73.988347,1,0,0,3,4,0,507.3,0,1689.9,3023000,3.0,36.0,3.0,direct,0.0
C0331,Brooklyn,40.64153,-73.982397,5,1,0,16,22,1,361.4,0,2095.9,3022800,3.0,36.0,3.0,direct,0.0
C0332,Brooklyn,40.64153,-73.976447,7,3,0,18,28,1,390.2,0,2214.8,3048800,,,3.0,estimated_nearby,343.7199248550632
C0333,Brooklyn,40.64153,-73.970497,17,6,0,7,30,0,561.4,0,1978.8,3049200,2.0,24.0,2.0,direct,0.0
C0334,Brooklyn,40.64153,-73.964547,17,6,0,8,31,2,86.9,0,1852.1,3152200,5.0,60.0,5.0,direct,0.0
C0335,Brooklyn,40.64153,-73.958597,8,1,0,10,19,1,451.7,0,1857.2,3051602,3.16,37.92,3.16,direct,0.0
C0336,Brooklyn,40.64153,-73.952647,8,1,0,5,14,1,397.4,0,1993.0,3079002,,,3.16,estimated_nearby,458.4949260048924
C0337,Brooklyn,40.64153,-73.946697,2,0,0,2,4,2,226.1,0,2235.9,3083000,5.92,71.03999999999999,5.92,direct,0.0
C0338,Brooklyn,40.64153,-73.940747,0,0,0,0,0,0,669.6,0,2555.5,3083200,,,4.0,estimated_nearby,280.8390025685137
C0339,Brooklyn,40.64153,-73.934797,0,0,0,0,0,0,1161.8,0,2926.8,3083800,,,3.0,estimated_nearby,653.5794644685977
C0340,Brooklyn,40.64153,-73.928847,0,0,0,1,1,0,1659.8,0,3332.6,3084600,3.0,36.0,3.0,direct,0.0
C0341,Brooklyn,40.64153,-73.922897,1,1,0,1,3,0,1864.9,0,3761.6,3094600,,,3.0,estimated_nearby,432.9210442389349
C0342,Brooklyn,40.64153,-73.916947,2,1,0,0,3,0,1395.4,0,4206.9,3095400,1.0,12.0,1.0,direct,0.0
C0343,Brooklyn,40.64153,-73.910997,1,0,0,0,1,0,959.3,0,4663.7,3095800,,,3.0,estimated_nearby,333.73388367615564
C0344,Brooklyn,40.64153,-73.905047,0,0,0,1,1,0,630.4,0,5129.0,3096400,,,3.0,estimated_nearby,730.9142544941268
C0345,Brooklyn,40.64153,-73.899097,2,1,0,1,4,0,615.3,0,5600.7,3099000,,,3.0,estimated_nearby,881.3001319948804
C0346,Brooklyn,40.64153,-73.893147,3,1,0,1,5,0,929.4,0,6077.2,3101200,,,3.0,estimated_nearby,1019.5390354875601
C0347,Brooklyn,40.64153,-73.887197,0,0,0,0,0,0,1361.3,0,6557.5,3101600,,,4.0,estimated_nearby,485.6077545387308
C0348,Brooklyn,40.64153,-73.875297,0,0,0,0,0,0,2275.0,0,7526.8,3107002,,,4.0,estimated_nearby,826.1551527417988
C0349,Brooklyn,40.64603,-74.024047,0,1,0,5,6,0,734.9,0,1833.9,3001804,,,3.0,estimated_nearby,345.91292357667965
C0350,Brooklyn,40.64603,-74.018097,5,0,0,11,16,1,359.1,0,1369.8,3002200,2.0,24.0,2.0,direct,0.0
C0351,Brooklyn,40.64603,-74.012147,18,5,0,42,65,2,191.7,0,945.3,3007800,4.0,48.0,4.0,direct,0.0
C0352,Brooklyn,40.64603,-74.006197,22,6,0,26,54,1,456.0,0,644.0,3009600,4.0,48.0,4.0,direct,0.0
C0353,Brooklyn,40.64603,-74.000247,12,2,0,4,18,0,500.6,0,663.2,3009201,2.0,24.0,2.0,direct,0.0
C0354,Brooklyn,40.64603,-73.994297,5,0,0,7,12,1,29.2,0,984.3,3011000,3.5,42.0,3.5,direct,0.0
C0355,Brooklyn,40.64603,-73.988347,1,0,0,3,4,0,505.1,0,1414.9,3017500,,,3.5,estimated_nearby,859.6529987451904
C0356,Brooklyn,40.64603,-73.982397,5,2,0,18,25,1,318.7,0,1881.2,3049800,,,3.0,estimated_nearby,696.7689531342162
C0357,Brooklyn,40.64603,-73.976447,11,6,0,23,40,1,351.0,0,2362.2,3050002,,,3.0,estimated_nearby,760.355523778576
C0358,Brooklyn,40.64603,-73.970497,10,4,0,6,20,0,553.3,0,2450.5,3152200,5.0,60.0,5.0,direct,0.0
C0359,Brooklyn,40.64603,-73.964547,7,2,0,15,24,1,222.3,0,2349.4,3051200,,,5.0,estimated_nearby,304.3691479687662
C0360,Brooklyn,40.64603,-73.958597,5,0,0,16,21,0,544.8,0,2353.4,3051001,4.0,48.0,4.0,direct,0.0
C0361,Brooklyn,40.64603,-73.952647,4,0,0,4,8,1,328.0,0,2462.0,3079202,,,4.0,estimated_nearby,366.3554682285491
C0362,Brooklyn,40.64603,-73.946697,2,0,0,0,2,1,217.2,0,2662.4,3082600,3.0,36.0,3.0,direct,0.0
C0363,Brooklyn,40.64603,-73.940747,0,0,0,0,0,0,700.6,0,2935.9,3085200,,,3.0,estimated_nearby,336.2812587937166
C0364,Brooklyn,40.64603,-73.934797,0,0,0,0,0,0,1199.3,0,3264.2,3085200,,,3.0,estimated_nearby,336.2812587937166
C0365,Brooklyn,40.64603,-73.928847,1,0,0,1,2,0,1700.0,0,3632.4,3084800,,,3.0,estimated_nearby,421.98991245339084
C0366,Brooklyn,40.64603,-73.922897,1,0,0,1,2,0,1777.1,0,4029.7,3094600,,,3.0,estimated_nearby,432.9210442389349
C0367,Brooklyn,40.64603,-73.916947,2,0,0,1,3,0,1275.6,0,4448.2,3096000,3.0,36.0,3.0,direct,0.0
C0368,Brooklyn,40.64603,-73.910997,1,0,0,0,1,0,774.8,0,4882.4,3096200,,,3.0,estimated_nearby,438.0735828895863
C0369,Brooklyn,40.64603,-73.905047,0,1,0,4,5,1,278.5,0,5328.6,3097000,,,3.0,estimated_nearby,610.0488512721042
C0370,Brooklyn,40.64603,-73.899097,0,1,0,5,6,1,242.4,0,5784.0,3097400,4.0,48.0,4.0,direct,0.0
C0371,Brooklyn,40.64603,-73.893147,0,0,0,1,1,0,735.6,0,6246.5,3098600,,,4.0,estimated_nearby,515.8545018440215
C0372,Brooklyn,40.64603,-73.887197,0,0,0,0,0,0,1153.2,0,6714.8,3105804,4.79,57.48,4.79,direct,0.0
C0373,Brooklyn,40.64603,-73.881247,0,0,0,0,0,0,1619.5,0,7187.5,3105804,4.79,57.48,4.79,direct,0.0
C0374,Brooklyn,40.64603,-73.875297,0,0,0,0,0,0,2102.2,0,7664.1,3107003,,,4.0,estimated_nearby,679.8438004399893
C0375,Brooklyn,40.64603,-73.869347,1,0,0,0,1,0,2567.5,0,8143.6,3107002,,,4.0,estimated_nearby,826.1551527417988
C0376,Brooklyn,40.64603,-73.863397,0,0,0,0,0,0,2844.5,0,8625.8,3107002,,,4.0,estimated_nearby,826.1551527417988
C0377,Brooklyn,40.65053,-74.024047,0,0,0,1,1,0,1040.4,0,1734.9,3001803,,,2.0,estimated_nearby,614.3692880680724
C0378,Brooklyn,40.65053,-74.018097,2,0,0,5,7,0,697.3,0,1234.2,3001803,,,2.0,estimated_nearby,614.3692880680724
C0379,Brooklyn,40.65053,-74.012147,11,4,0,19,34,1,252.8,0,735.1,3000200,2.0,24.0,2.0,direct,0.0
C0380,Brooklyn,40.65053,-74.006197,29,10,0,37,76,1,366.8,1,248.2,3008200,5.0,60.0,5.0,direct,0.0
C0381,Brooklyn,40.65053,-74.000247,12,4,0,10,26,0,583.8,1,294.5,3008800,5.0,60.0,5.0,direct,0.0
C0382,Brooklyn,40.65053,-73.994297,0,0,0,1,1,1,471.2,0,784.7,3017500,,,3.5,estimated_nearby,859.6529987451904
C0383,Brooklyn,40.65053,-73.988347,0,0,0,0,0,0,690.2,0,1284.0,3017500,,,3.5,estimated_nearby,859.6529987451904
C0384,Brooklyn,40.65053,-73.982397,3,2,0,4,9,0,559.3,0,1784.8,3017500,,,3.5,estimated_nearby,859.6529987451904
C0385,Brooklyn,40.65053,-73.976447,5,4,0,5,14,1,63.2,0,2286.1,3050001,,,5.0,estimated_nearby,940.972324337721
C0386,Brooklyn,40.65053,-73.970497,9,2,0,4,15,1,446.2,0,2730.6,3017700,,,5.17,estimated_nearby,875.668533713075
C0387,Brooklyn,40.65053,-73.964547,5,0,0,22,27,1,132.0,0,2847.8,3050600,5.0,60.0,5.0,direct,0.0
C0388,Brooklyn,40.65053,-73.958597,9,0,0,31,40,1,369.9,0,2851.0,3079602,5.0,60.0,5.0,direct,0.0
C0389,Brooklyn,40.65053,-73.952647,4,0,0,5,9,1,261.5,0,2941.3,3079400,6.0,72.0,6.0,direct,0.0
C0390,Brooklyn,40.65053,-73.946697,2,0,0,3,5,1,245.3,0,3111.0,3082400,4.0,48.0,4.0,direct,0.0
C0391,Brooklyn,40.65053,-73.940747,1,0,0,0,1,0,745.6,0,3348.1,3085800,3.0,36.0,3.0,direct,0.0
C0392,Brooklyn,40.65053,-73.934797,1,0,0,0,1,0,1247.2,0,3639.3,3086000,3.0,36.0,3.0,direct,0.0
C0393,Brooklyn,40.65053,-73.928847,1,0,0,0,1,0,1609.5,0,3972.9,3086200,2.0,24.0,2.0,direct,0.0
C0394,Brooklyn,40.65053,-73.922897,0,0,0,2,2,0,1335.1,0,4339.1,3093800,,,3.0,estimated_nearby,323.9829550365296
C0395,Brooklyn,40.65053,-73.916947,0,0,0,1,1,0,1215.7,0,4730.3,3093000,3.0,36.0,3.0,direct,0.0
C0396,Brooklyn,40.65053,-73.910997,0,0,0,0,0,0,883.9,0,5140.7,3092800,,,3.0,estimated_nearby,371.29427754530184
C0397,Brooklyn,40.65053,-73.905047,0,0,0,2,2,1,469.3,0,5566.2,3109800,1.0,12.0,1.0,direct,0.0
C0398,Brooklyn,40.65053,-73.899097,0,0,0,0,0,2,33.1,0,6003.6,3109800,1.0,12.0,1.0,direct,0.0
C0399,Brooklyn,40.65053,-73.893147,0,0,0,4,4,0,534.7,0,6450.4,3098200,,,4.0,estimated_nearby,663.179963246466
C0400,Brooklyn,40.65053,-73.887197,0,0,0,4,4,0,1036.7,0,6904.7,3105804,4.79,57.48,4.79,direct,0.0
C0401,Brooklyn,40.65053,-73.881247,0,0,0,0,0,0,1538.6,0,7365.3,3105801,,,4.0,estimated_nearby,418.7003847623034
C0402,Brooklyn,40.65053,-73.875297,5,0,0,2,7,0,1896.9,0,7831.0,3107001,4.0,48.0,4.0,direct,0.0
C0403,Brooklyn,40.65053,-73.869347,8,0,0,3,11,0,2143.3,0,8300.9,3107001,4.0,48.0,4.0,direct,0.0
C0404,Brooklyn,40.65053,-73.863397,2,0,0,0,2,0,2468.4,0,8774.4,3107002,,,4.0,estimated_nearby,826.1551527417988
C0405,Brooklyn,40.65053,-73.857447,0,0,0,0,0,0,2845.4,0,9250.9,3107002,,,4.0,estimated_nearby,826.1551527417988
C0406,Brooklyn,40.65503,-74.012147,10,4,0,6,20,0,701.0,0,829.5,3001802,2.0,24.0,2.0,direct,0.0
C0407,Brooklyn,40.65503,-74.006197,21,11,0,28,60,1,223.7,1,457.4,3008400,4.0,48.0,4.0,direct,0.0
C0408,Brooklyn,40.65503,-74.000247,7,6,0,17,30,1,278.8,1,484.1,3010100,3.0,36.0,3.0,direct,0.0
C0409,Brooklyn,40.65503,-73.994297,1,1,0,0,2,0,677.2,0,873.7,3017500,,,3.5,estimated_nearby,859.6529987451904
C0410,Brooklyn,40.65503,-73.988347,0,0,0,1,1,0,953.8,0,1340.2,3017500,,,3.5,estimated_nearby,859.6529987451904
C0411,Brooklyn,40.65503,-73.982397,5,2,0,5,12,0,641.8,0,1825.6,3017500,,,3.5,estimated_nearby,859.6529987451904
C0412,Brooklyn,40.65503,-73.976447,3,5,0,3,11,1,475.7,0,2090.2,3017100,,,5.17,estimated_nearby,446.31205921114025
C0413,Brooklyn,40.65503,-73.970497,0,1,0,2,3,0,649.2,0,2278.8,3017700,,,5.17,estimated_nearby,875.668533713075
C0414,Brooklyn,40.65503,-73.964547,10,4,0,23,37,1,259.1,0,2553.6,3017700,,,5.17,estimated_nearby,875.668533713075
C0415,Brooklyn,40.65503,-73.958597,14,6,0,30,50,1,246.2,0,2890.1,3079601,4.0,48.0,4.0,direct,0.0
C0416,Brooklyn,40.65503,-73.952647,5,2,0,7,14,1,274.1,0,3269.3,3082000,4.0,48.0,4.0,direct,0.0
C0417,Brooklyn,40.65503,-73.946697,3,0,0,11,14,1,346.2,0,3573.4,3081600,,,3.0,estimated_nearby,535.6459670968253
C0418,Brooklyn,40.65503,-73.940747,1,0,0,4,5,0,817.6,0,3781.5,3081400,,,3.0,estimated_nearby,400.10939025452086
C0419,Brooklyn,40.65503,-73.934797,1,0,0,2,3,0,1311.8,0,4041.7,3087000,3.0,36.0,3.0,direct,0.0
C0420,Brooklyn,40.65503,-73.928847,2,0,0,3,5,0,1198.8,0,4344.5,3086800,4.0,48.0,4.0,direct,0.0
C0421,Brooklyn,40.65503,-73.922897,1,0,0,3,4,0,904.0,0,4681.6,3086400,,,3.0,estimated_nearby,484.7914891435368
C0422,Brooklyn,40.65503,-73.916947,0,0,0,4,4,0,716.1,0,5046.3,3088800,,,3.0,estimated_nearby,461.1741671277992
C0423,Brooklyn,40.65503,-73.910997,0,0,0,1,1,0,843.9,0,5432.9,3089000,4.0,48.0,4.0,direct,0.0
C0424,Brooklyn,40.65503,-73.905047,0,0,0,1,1,0,640.4,0,5837.1,3092200,,,3.0,estimated_nearby,594.2857745396184
C0425,Brooklyn,40.65503,-73.899097,0,0,0,1,1,2,411.9,0,6255.5,3109800,1.0,12.0,1.0,direct,0.0
C0426,Brooklyn,40.65503,-73.893147,0,0,0,5,5,0,658.0,0,6685.5,3110400,4.0,48.0,4.0,direct,0.0
C0427,Brooklyn,40.65503,-73.887197,0,0,0,5,5,0,1095.5,0,7124.8,3110400,4.0,48.0,4.0,direct,0.0
C0428,Brooklyn,40.65503,-73.881247,0,0,0,0,0,0,1268.6,0,7572.0,3107800,,,4.0,estimated_nearby,609.2129366908944
C0429,Brooklyn,40.65503,-73.875297,3,0,0,2,5,0,1449.5,0,8025.7,3107001,4.0,48.0,4.0,direct,0.0
C0430,Brooklyn,40.65503,-73.869347,10,0,0,3,13,0,1759.7,0,8484.8,3107001,4.0,48.0,4.0,direct,0.0
C0431,Brooklyn,40.65503,-73.863397,4,0,0,1,5,0,2143.8,0,8948.5,3107001,4.0,48.0,4.0,direct,0.0
C0432,Brooklyn,40.65953,-74.006197,10,7,0,10,27,0,536.4,0,926.1,3001802,2.0,24.0,2.0,direct,0.0
C0433,Brooklyn,40.65953,-74.000247,5,5,0,10,20,1,205.8,0,939.5,3010100,3.0,36.0,3.0,direct,0.0
C0434,Brooklyn,40.65953,-73.994297,14,11,0,12,37,1,334.2,0,1188.1,3014500,4.5,54.0,4.5,direct,0.0
C0435,Brooklyn,40.65953,-73.988347,13,10,0,10,33,0,752.6,0,1563.5,3014700,,,5.0,estimated_nearby,507.1178911306194
C0436,Brooklyn,40.65953,-73.982397,15,12,0,19,46,1,262.0,0,1512.1,3016900,5.17,62.04,5.17,direct,0.0
C0437,Brooklyn,40.65953,-73.976447,7,6,0,12,25,1,273.2,0,1614.6,3017700,,,5.17,estimated_nearby,875.668533713075
C0438,Brooklyn,40.65953,-73.970497,0,0,0,0,0,0,733.5,0,1852.3,3017700,,,5.17,estimated_nearby,875.668533713075
C0439,Brooklyn,40.65953,-73.964547,15,5,0,20,40,1,302.3,0,2181.5,3017700,,,5.17,estimated_nearby,875.668533713075
C0440,Brooklyn,40.65953,-73.958597,16,8,0,29,53,1,385.3,0,2567.2,3079801,6.0,72.0,6.0,direct,0.0
C0441,Brooklyn,40.65953,-73.952647,12,5,0,16,33,2,380.8,0,2928.4,3080000,5.0,60.0,5.0,direct,0.0
C0442,Brooklyn,40.65953,-73.946697,7,1,0,8,16,1,435.6,0,3172.5,3081000,,,4.0,estimated_nearby,532.37514268996
C0443,Brooklyn,40.65953,-73.940747,1,0,0,4,5,0,859.2,0,3472.4,3080800,,,3.0,estimated_nearby,396.127775511803
C0444,Brooklyn,40.65953,-73.934797,2,0,0,7,9,0,1053.2,0,3815.0,3087600,,,3.0,estimated_nearby,464.14257166107103
C0445,Brooklyn,40.65953,-73.928847,1,0,0,7,8,0,780.7,0,4189.8,3088002,,,3.0,estimated_nearby,473.32100005800163
C0446,Brooklyn,40.65953,-73.922897,0,0,0,3,3,0,577.3,0,4588.9,3088400,,,4.0,estimated_nearby,310.19207984984973
C0447,Brooklyn,40.65953,-73.916947,0,0,0,5,5,1,220.1,0,5006.5,3089000,4.0,48.0,4.0,direct,0.0
C0448,Brooklyn,40.65953,-73.910997,1,0,0,5,6,2,377.7,0,5438.4,3091600,,,3.33,estimated_nearby,639.69253630734
C0449,Brooklyn,40.65953,-73.905047,1,0,0,4,5,3,470.0,0,5881.4,3092000,,,4.0,estimated_nearby,707.4656285914272
C0450,Brooklyn,40.65953,-73.899097,0,0,0,1,1,1,89.4,0,6333.1,3113200,,,3.0,estimated_nearby,567.9535404841318
C0451,Brooklyn,40.65953,-73.893147,0,0,0,6,6,0,520.9,0,6791.9,3112800,,,3.0,estimated_nearby,499.41196319545213
C0452,Brooklyn,40.65953,-73.887197,0,0,0,6,6,0,683.8,0,7256.4,3110400,4.0,48.0,4.0,direct,0.0
C0453,Brooklyn,40.65953,-73.881247,0,0,0,0,0,0,782.9,0,7725.6,3111000,,,4.0,estimated_nearby,603.6377653720145
C0454,Brooklyn,40.65953,-73.875297,1,0,0,0,1,0,1051.0,0,8198.6,3107800,,,4.0,estimated_nearby,609.2129366908944
C0455,Brooklyn,40.65953,-73.869347,1,0,0,0,1,0,1449.1,0,8674.9,3107001,4.0,48.0,4.0,direct,0.0
C0456,Brooklyn,40.65953,-73.863397,0,0,0,0,0,0,1897.1,0,9146.7,3122000,,,3.0,estimated_nearby,1025.6717975092156
C0457,Brooklyn,40.66403,-74.006197,0,0,0,0,0,0,794.2,0,1416.6,3001801,16.0,192.0,16.0,direct,0.0
C0458,Brooklyn,40.66403,-73.994297,14,17,0,23,54,1,195.3,0,1376.6,3014300,4.0,48.0,4.0,direct,0.0
C0459,Brooklyn,40.66403,-73.988347,30,30,0,26,86,1,411.5,0,1099.2,3014102,5.0,60.0,5.0,direct,0.0
C0460,Brooklyn,40.66403,-73.982397,33,25,0,24,82,2,305.3,0,1012.4,3015100,6.0,72.0,6.0,direct,0.0
C0461,Brooklyn,40.66403,-73.976447,5,4,0,3,12,2,409.9,0,1160.0,3017700,,,5.17,estimated_nearby,875.668533713075
C0462,Brooklyn,40.66403,-73.970497,0,1,0,0,1,0,746.0,0,1473.0,3017700,,,5.17,estimated_nearby,875.668533713075
C0463,Brooklyn,40.66403,-73.964547,6,2,0,12,20,1,331.4,0,1870.1,3017700,,,5.17,estimated_nearby,875.668533713075
C0464,Brooklyn,40.66403,-73.958597,14,4,0,26,44,1,408.5,0,2276.4,3032700,3.0,36.0,3.0,direct,0.0
C0465,Brooklyn,40.66403,-73.952647,9,6,0,18,33,2,208.5,0,2483.5,3032100,4.0,48.0,4.0,direct,0.0
C0466,Brooklyn,40.66403,-73.946697,3,1,0,6,10,1,378.4,0,2767.1,3032900,5.0,60.0,5.0,direct,0.0
C0467,Brooklyn,40.66403,-73.940747,1,1,0,0,2,0,608.8,0,3106.4,3033100,3.0,36.0,3.0,direct,0.0
C0468,Brooklyn,40.66403,-73.934797,1,1,0,5,7,0,563.3,0,3485.1,3035500,3.0,36.0,3.0,direct,0.0
C0469,Brooklyn,40.66403,-73.928847,0,0,0,9,9,0,531.6,0,3891.7,3088200,,,4.0,estimated_nearby,490.82435090899384
C0470,Brooklyn,40.66403,-73.922897,0,0,0,4,4,1,80.1,0,4318.4,3089200,3.0,36.0,3.0,direct,0.0
C0471,Brooklyn,40.66403,-73.916947,0,0,0,2,2,2,291.3,0,4759.8,3089400,,,3.33,estimated_nearby,387.3894785840397
C0472,Brooklyn,40.66403,-73.910997,1,1,0,3,5,1,238.8,0,5212.2,3092400,4.5,54.0,4.5,direct,0.0
C0473,Brooklyn,40.66403,-73.905047,1,1,0,3,5,3,226.7,0,5672.8,3091000,3.0,36.0,3.0,direct,0.0
C0474,Brooklyn,40.66403,-73.899097,0,0,0,1,1,3,124.3,0,6139.9,3113200,,,3.0,estimated_nearby,567.9535404841318
C0475,Brooklyn,40.66403,-73.893147,0,0,0,0,0,2,162.1,0,6612.1,3112600,,,3.0,estimated_nearby,812.7158399636231
C0476,Brooklyn,40.66403,-73.887197,0,0,0,0,0,2,243.4,0,7088.4,3112200,,,3.0,estimated_nearby,797.784393513941
C0477,Brooklyn,40.66403,-73.881247,0,0,0,0,0,1,342.3,0,7567.9,3111600,2.0,24.0,2.0,direct,0.0
C0478,Brooklyn,40.66403,-73.875297,0,0,0,1,1,0,780.2,0,8050.2,3111600,2.0,24.0,2.0,direct,0.0
C0479,Brooklyn,40.66403,-73.869347,0,0,0,1,1,0,1266.5,0,8534.7,3122000,,,3.0,estimated_nearby,1025.6717975092156
C0480,Brooklyn,40.66403,-73.863397,0,0,0,0,0,0,1453.8,0,9021.1,3122000,,,3.0,estimated_nearby,1025.6717975092156
C0481,Brooklyn,40.66403,-73.857447,0,0,0,0,0,0,1582.8,0,9509.1,3122000,,,3.0,estimated_nearby,1025.6717975092156
C0482,Brooklyn,40.66853,-74.018097,0,0,0,0,0,0,1914.5,0,2262.3,3005302,,,3.0,estimated_nearby,701.8430330424061
C0483,Brooklyn,40.66853,-73.994297,8,10,0,10,28,2,366.7,0,1065.1,3011700,2.0,24.0,2.0,direct,0.0
C0484,Brooklyn,40.66853,-73.988347,35,24,0,36,95,1,233.1,0,669.1,3013900,3.0,36.0,3.0,direct,0.0
C0485,Brooklyn,40.66853,-73.982397,45,30,0,36,111,1,307.0,0,514.3,3015300,8.0,96.0,8.0,direct,0.0
C0486,Brooklyn,40.66853,-73.976447,17,13,0,19,49,1,411.1,0,764.8,3016500,,,6.5,estimated_nearby,424.7816840304741
C0487,Brooklyn,40.66853,-73.970497,0,2,0,1,3,0,643.7,0,1187.0,3017700,,,5.17,estimated_nearby,875.668533713075
C0488,Brooklyn,40.66853,-73.964547,1,5,0,6,12,1,384.7,0,1654.3,3017700,,,5.17,estimated_nearby,875.668533713075
C0489,Brooklyn,40.66853,-73.958597,13,8,0,23,44,1,220.6,0,1809.7,3032500,4.0,48.0,4.0,direct,0.0
C0490,Brooklyn,40.66853,-73.952647,9,6,0,26,41,2,180.6,0,2064.1,3032100,4.0,48.0,4.0,direct,0.0
C0491,Brooklyn,40.66853,-73.946697,2,4,0,12,18,3,343.8,0,2397.8,3033500,,,3.0,estimated_nearby,140.141842737085
C0492,Brooklyn,40.66853,-73.940747,2,4,0,2,8,1,153.5,0,2782.5,3033702,3.0,36.0,3.0,direct,0.0
C0493,Brooklyn,40.66853,-73.934797,2,1,0,7,10,1,161.7,0,3199.7,3035302,,,3.0,estimated_nearby,374.5128692183652
C0494,Brooklyn,40.66853,-73.928847,1,1,0,8,10,1,347.8,0,3638.4,3034902,5.0,60.0,5.0,direct,0.0
C0495,Brooklyn,40.66853,-73.922897,0,0,0,4,4,1,424.7,0,4091.6,3035900,,,3.25,estimated_nearby,617.4027489569798
C0496,Brooklyn,40.66853,-73.916947,0,0,0,4,4,0,638.7,0,4555.0,3090200,3.33,39.96,3.33,direct,0.0
C0497,Brooklyn,40.66853,-73.910997,1,1,0,5,7,0,687.2,0,5025.7,3092400,4.5,54.0,4.5,direct,0.0
C0498,Brooklyn,40.66853,-73.905047,1,0,0,1,2,1,275.3,0,5502.0,3090800,2.0,24.0,2.0,direct,0.0
C0499,Brooklyn,40.66853,-73.899097,0,0,0,1,1,1,260.0,0,5982.4,3113400,,,3.0,estimated_nearby,394.8995914990684
C0500,Brooklyn,40.66853,-73.893147,0,0,0,0,0,2,457.5,0,6466.1,3115800,,,3.0,estimated_nearby,648.5663309745795
C0501,Brooklyn,40.66853,-73.887197,0,0,0,0,0,2,366.4,0,6952.3,3116000,,,3.0,estimated_nearby,873.8108213754139
C0502,Brooklyn,40.66853,-73.881247,0,0,0,0,0,1,349.5,0,7440.6,3116400,,,2.5,estimated_nearby,413.5908753760867
C0503,Brooklyn,40.66853,-73.875297,0,0,0,2,2,0,774.1,0,7930.6,3111800,,,3.0,estimated_nearby,473.59689383602773
C0504,Brooklyn,40.66853,-73.869347,0,0,0,1,1,0,796.1,0,8422.0,3122000,,,3.0,estimated_nearby,1025.6717975092156
C0505,Brooklyn,40.66853,-73.863397,0,0,0,1,1,0,956.9,0,8914.5,3121400,,,3.0,estimated_nearby,967.532750477718
C0506,Brooklyn,40.66853,-73.857447,1,0,0,1,2,0,1143.4,0,9408.0,3122000,,,3.0,estimated_nearby,1025.6717975092156
C0507,Brooklyn,40.67303,-74.012147,7,4,0,5,16,0,1366.6,0,2440.6,3005301,1.0,12.0,1.0,direct,0.0
C0508,Brooklyn,40.67303,-74.006197,2,1,0,6,9,0,865.6,0,1938.8,3005302,,,3.0,estimated_nearby,701.8430330424061
C0509,Brooklyn,40.67303,-74.000247,11,3,0,8,22,1,366.8,0,1437.0,3005302,,,3.0,estimated_nearby,701.8430330424061
C0510,Brooklyn,40.67303,-73.994297,10,7,0,8,25,1,152.9,0,935.2,3011902,1.0,12.0,1.0,direct,0.0
C0511,Brooklyn,40.67303,-73.988347,32,18,0,22,72,1,280.9,1,433.5,3011901,4.0,48.0,4.0,direct,0.0
C0512,Brooklyn,40.67303,-73.982397,57,23,0,32,112,1,480.4,2,69.0,3013500,6.0,72.0,6.0,direct,0.0
C0513,Brooklyn,40.67303,-73.976447,29,22,0,17,68,0,517.3,0,570.3,3015700,6.5,78.0,6.5,direct,0.0
C0514,Brooklyn,40.67303,-73.970497,10,12,0,12,34,2,249.5,0,1072.0,3015900,6.63,79.56,6.63,direct,0.0
C0515,Brooklyn,40.67303,-73.964547,13,13,0,11,37,1,116.9,0,1177.6,3021500,6.0,72.0,6.0,direct,0.0
C0516,Brooklyn,40.67303,-73.958597,32,19,0,30,81,2,210.4,0,1367.0,3021700,5.0,60.0,5.0,direct,0.0
C0517,Brooklyn,40.67303,-73.952647,32,16,0,31,79,2,398.9,0,1689.4,3031701,4.67,56.04,4.67,direct,0.0
C0518,Brooklyn,40.67303,-73.946697,10,7,0,15,32,1,475.7,0,2084.0,3034100,,,4.0,estimated_nearby,466.38933974953994
C0519,Brooklyn,40.67303,-73.940747,4,3,0,4,11,1,421.0,0,2517.0,3034300,,,3.25,estimated_nearby,466.4665925406697
C0520,Brooklyn,40.67303,-73.934797,3,3,0,8,14,1,485.5,0,2971.8,3034500,3.25,39.0,3.25,direct,0.0
C0521,Brooklyn,40.67303,-73.928847,2,3,0,7,12,0,574.9,0,3439.6,3034700,,,3.25,estimated_nearby,470.3264404889553
C0522,Brooklyn,40.67303,-73.922897,1,0,0,4,5,0,668.2,0,3915.8,3035900,,,3.25,estimated_nearby,617.4027489569798
C0523,Brooklyn,40.67303,-73.916947,0,0,0,4,4,0,720.8,0,4397.7,3036300,3.0,36.0,3.0,direct,0.0
C0524,Brooklyn,40.67303,-73.910997,1,0,0,4,5,0,595.8,0,4883.7,3036300,3.0,36.0,3.0,direct,0.0
C0525,Brooklyn,40.67303,-73.905047,1,0,0,0,1,2,305.5,0,5372.5,3090800,2.0,24.0,2.0,direct,0.0
C0526,Brooklyn,40.67303,-73.899097,1,0,0,2,3,4,272.9,0,5863.5,3114400,3.0,36.0,3.0,direct,0.0
C0527,Brooklyn,40.67303,-73.893147,0,0,0,1,1,2,237.9,0,6356.2,3115200,,,3.0,estimated_nearby,426.56230298445894
C0528,Brooklyn,40.67303,-73.887197,2,0,0,1,3,1,268.9,0,6850.2,3115000,,,3.0,estimated_nearby,690.2419204972023
C0529,Brooklyn,40.67303,-73.881247,3,0,0,0,3,1,129.3,0,7345.3,3116600,,,2.5,estimated_nearby,477.50761385941473
C0530,Brooklyn,40.67303,-73.875297,5,0,0,3,8,2,374.9,0,7841.2,3119400,3.0,36.0,3.0,direct,0.0
C0531,Brooklyn,40.67303,-73.869347,3,0,0,8,11,1,349.6,0,8337.8,3120801,,,3.0,estimated_nearby,747.8208475652408
C0532,Brooklyn,40.67303,-73.863397,0,0,0,4,4,1,467.6,0,8835.0,3120803,,,3.0,estimated_nearby,1057.9552241783208
C0533,Brooklyn,40.67753,-74.018097,6,4,0,2,12,0,1917.9,0,2983.0,3005301,1.0,12.0,1.0,direct,0.0
C0534,Brooklyn,40.67753,-74.012147,13,7,0,5,25,0,1434.1,0,2483.4,3005301,1.0,12.0,1.0,direct,0.0
C0535,Brooklyn,40.67753,-74.006197,7,2,0,10,19,0,968.7,0,1981.7,3005900,3.0,36.0,3.0,direct,0.0
C0536,Brooklyn,40.67753,-74.000247,18,10,0,18,46,0,536.0,0,1479.9,3006500,4.0,48.0,4.0,direct,0.0
C0537,Brooklyn,40.67753,-73.994297,14,14,0,14,42,2,314.8,0,978.1,3007700,4.0,48.0,4.0,direct,0.0
C0538,Brooklyn,40.67753,-73.988347,7,10,0,11,28,1,442.3,1,476.4,3011901,4.0,48.0,4.0,direct,0.0
C0539,Brooklyn,40.67753,-73.982397,46,16,0,27,89,1,64.7,2,25.5,3013100,6.42,77.03999999999999,6.42,direct,0.0
C0540,Brooklyn,40.67753,-73.976447,72,25,0,43,140,2,348.2,0,527.1,3015900,6.63,79.56,6.63,direct,0.0
C0541,Brooklyn,40.67753,-73.970497,40,22,0,21,83,2,166.5,0,709.1,3016300,4.42,53.04,4.42,direct,0.0
C0542,Brooklyn,40.67753,-73.964547,33,22,0,20,75,0,604.6,0,693.7,3020500,5.33,63.96,5.33,direct,0.0
C0543,Brooklyn,40.67753,-73.958597,29,15,0,19,63,2,317.5,0,981.4,3030500,4.0,48.0,4.0,direct,0.0
C0544,Brooklyn,40.67753,-73.952647,28,12,0,38,78,2,373.7,0,1395.8,3031500,4.0,48.0,4.0,direct,0.0
C0545,Brooklyn,40.67753,-73.946697,20,6,0,35,61,1,451.0,0,1854.0,3031300,,,4.0,estimated_nearby,468.70467176979497
C0546,Brooklyn,40.67753,-73.940747,9,1,0,9,19,1,266.0,0,2330.1,3031100,,,3.25,estimated_nearby,466.42891495058376
C0547,Brooklyn,40.67753,-73.934797,5,2,0,5,12,1,399.1,0,2815.2,3030900,4.0,48.0,4.0,direct,0.0
C0548,Brooklyn,40.67753,-73.928847,2,4,0,9,15,1,258.4,0,3305.2,3029900,,,3.17,estimated_nearby,663.1796942203326
C0549,Brooklyn,40.67753,-73.922897,3,0,0,7,10,1,228.8,0,3798.3,3029900,,,3.17,estimated_nearby,663.1796942203326
C0550,Brooklyn,40.67753,-73.916947,3,0,0,7,10,2,354.2,0,4293.4,3030100,3.17,38.04,3.17,direct,0.0
C0551,Brooklyn,40.67753,-73.910997,3,2,0,5,10,1,120.5,0,4789.9,3030100,3.17,38.04,3.17,direct,0.0
C0552,Brooklyn,40.67753,-73.905047,2,0,0,4,6,2,162.7,0,5287.4,3036700,,,3.0,estimated_nearby,373.792594512479
C0553,Brooklyn,40.67753,-73.899097,1,0,0,4,5,4,70.5,0,5785.6,3114201,,,3.0,estimated_nearby,557.4156265768257
C0554,Brooklyn,40.67753,-73.893147,1,0,0,7,8,3,134.7,0,6284.3,3119800,2.0,24.0,2.0,direct,0.0
C0555,Brooklyn,40.67753,-73.887197,2,0,0,6,8,2,344.6,0,6783.6,3117000,,,3.0,estimated_nearby,687.8054898547481
C0556,Brooklyn,40.67753,-73.881247,6,0,0,4,10,3,380.4,0,7283.1,3116800,,,3.0,estimated_nearby,811.0976008697005
C0557,Brooklyn,40.67753,-73.875297,1,0,0,8,9,1,360.2,0,7782.9,3119600,2.5,30.0,2.5,direct,0.0
C0558,Brooklyn,40.67753,-73.869347,2,0,0,8,10,2,333.8,0,8283.0,3119000,3.0,36.0,3.0,direct,0.0
C0559,Brooklyn,40.67753,-73.863397,0,0,0,3,3,1,149.5,0,8783.3,3120200,,,2.5,estimated_nearby,700.8471670883631
C0560,Brooklyn,40.68203,-74.006197,14,5,0,3,22,0,959.5,0,2044.4,3005900,3.0,36.0,3.0,direct,0.0
C0561,Brooklyn,40.68203,-74.000247,21,15,0,6,42,1,478.6,0,1562.9,3006500,4.0,48.0,4.0,direct,0.0
C0562,Brooklyn,40.68203,-73.994297,39,26,0,22,87,1,202.2,0,1099.7,3007500,,,4.0,estimated_nearby,426.57723516274825
C0563,Brooklyn,40.68203,-73.988347,22,8,0,16,46,0,504.3,0,692.5,3007100,3.0,36.0,3.0,direct,0.0
C0564,Brooklyn,40.68203,-73.982397,27,12,0,28,67,1,455.2,0,503.3,3012700,4.0,48.0,4.0,direct,0.0
C0565,Brooklyn,40.68203,-73.976447,44,14,0,43,101,2,175.4,0,516.0,3012902,8.0,96.0,8.0,direct,0.0
C0566,Brooklyn,40.68203,-73.970497,45,17,0,23,85,2,410.3,1,313.1,3016300,4.42,53.04,4.42,direct,0.0
C0567,Brooklyn,40.68203,-73.964547,30,18,0,18,66,1,175.1,1,276.4,3020100,6.14,73.67999999999999,6.14,direct,0.0
C0568,Brooklyn,40.68203,-73.958597,19,13,0,17,49,1,223.0,0,747.1,3022700,3.5,42.0,3.5,direct,0.0
C0569,Brooklyn,40.68203,-73.952647,20,18,0,40,78,2,257.7,0,1242.4,3024500,4.0,48.0,4.0,direct,0.0
C0570,Brooklyn,40.68203,-73.946697,17,15,0,33,65,1,360.9,0,1741.3,3024900,5.0,60.0,5.0,direct,0.0
C0571,Brooklyn,40.68203,-73.940747,17,6,0,12,35,1,234.7,0,2241.5,3027300,2.0,24.0,2.0,direct,0.0
C0572,Brooklyn,40.68203,-73.934797,14,7,0,3,24,1,453.4,0,2742.2,3029700,,,4.0,estimated_nearby,493.03562877217473
C0573,Brooklyn,40.68203,-73.928847,12,7,0,8,27,1,336.3,0,3243.3,3038100,,,4.0,estimated_nearby,831.2769111896697
C0574,Brooklyn,40.68203,-73.922897,10,2,0,9,21,1,398.7,0,3744.5,3038100,,,4.0,estimated_nearby,831.2769111896697
C0575,Brooklyn,40.68203,-73.916947,13,3,0,11,27,2,481.7,0,4245.9,3037300,4.58,54.96,4.58,direct,0.0
C0576,Brooklyn,40.68203,-73.910997,9,3,0,7,19,3,106.3,0,4747.3,3036900,4.0,48.0,4.0,direct,0.0
C0577,Brooklyn,40.68203,-73.905047,1,0,0,3,4,3,90.5,0,5248.8,3040500,,,4.0,estimated_nearby,320.22007882606596
C0578,Brooklyn,40.68203,-73.899097,0,0,0,1,1,0,526.3,0,5750.3,3040700,,,4.0,estimated_nearby,552.1966873408859
C0579,Brooklyn,40.68203,-73.893147,1,0,0,3,4,1,462.1,0,6251.8,3114202,,,3.0,estimated_nearby,778.9692263504285
C0580,Brooklyn,40.68203,-73.887197,1,0,0,4,5,1,316.5,0,6753.4,3117201,,,3.0,estimated_nearby,772.5862870645001
C0581,Brooklyn,40.68203,-73.881247,5,0,0,9,14,2,123.0,0,7255.0,3117400,,,3.0,estimated_nearby,819.0336357264703
C0582,Brooklyn,40.68203,-73.875297,5,0,0,9,14,2,181.7,0,7756.6,3117800,,,2.5,estimated_nearby,424.3770419514165
C0583,Brooklyn,40.68203,-73.869347,0,0,0,5,5,1,396.0,0,8258.3,3118600,,,2.5,estimated_nearby,436.78287240894707
C0584,Brooklyn,40.68653,-74.000247,23,5,0,3,31,0,792.5,0,1787.7,3004700,,,7.0,estimated_nearby,526.2211651749819
C0585,Brooklyn,40.68653,-73.994297,63,31,0,40,134,1,292.8,0,1401.0,3004500,7.0,84.0,7.0,direct,0.0
C0586,Brooklyn,40.68653,-73.988347,43,31,0,42,116,2,216.3,0,1069.9,3004300,8.0,96.0,8.0,direct,0.0
C0587,Brooklyn,40.68653,-73.982397,24,23,0,38,85,5,249.4,0,568.3,3004100,6.0,72.0,6.0,direct,0.0
C0588,Brooklyn,40.68653,-73.976447,27,16,0,37,80,4,111.6,1,67.4,3003500,7.0,84.0,7.0,direct,0.0
C0589,Brooklyn,40.68653,-73.970497,36,7,0,15,58,3,294.5,2,435.4,3018100,6.5,78.0,6.5,direct,0.0
C0590,Brooklyn,40.68653,-73.964547,20,10,0,13,43,3,259.6,1,415.1,3020100,6.14,73.67999999999999,6.14,direct,0.0
C0591,Brooklyn,40.68653,-73.958597,15,16,0,13,44,1,288.6,0,808.8,3022900,,,4.0,estimated_nearby,417.50221221435106
C0592,Brooklyn,40.68653,-73.952647,14,16,0,13,43,1,352.2,0,1280.4,3024300,3.79,45.48,3.79,direct,0.0
C0593,Brooklyn,40.68653,-73.946697,11,10,0,7,28,0,670.6,0,1768.6,3026500,,,4.0,estimated_nearby,528.7980620095574
C0594,Brooklyn,40.68653,-73.940747,11,6,0,7,24,0,734.9,0,2262.7,3027700,,,3.5,estimated_nearby,329.0253873666178
C0595,Brooklyn,40.68653,-73.934797,7,4,0,8,19,0,867.5,0,2759.6,3029300,,,3.5,estimated_nearby,599.2656748452898
C0596,Brooklyn,40.68653,-73.928847,10,7,0,9,26,0,652.9,0,3257.9,3038500,,,4.0,estimated_nearby,440.7119474038924
C0597,Brooklyn,40.68653,-73.922897,12,5,0,11,28,1,348.7,0,3757.2,3037500,4.0,48.0,4.0,direct,0.0
C0598,Brooklyn,40.68653,-73.916947,14,3,0,10,27,1,37.2,0,4257.0,3037300,4.58,54.96,4.58,direct,0.0
C0599,Brooklyn,40.68653,-73.910997,10,1,0,8,19,2,407.0,0,4757.2,3040100,26.5,318.0,26.5,direct,0.0
C0600,Brooklyn,40.68653,-73.905047,2,2,0,2,6,2,262.4,0,5257.7,3040300,3.0,36.0,3.0,direct,0.0
C0601,Brooklyn,40.68653,-73.881247,1,0,0,0,1,0,578.4,0,7261.4,3118000,,,3.0,estimated_nearby,1254.862606245575
C0602,Brooklyn,40.68653,-73.875297,1,0,0,5,6,2,392.2,0,7762.6,3117602,,,3.0,estimated_nearby,862.5723413302253
C0603,Brooklyn,40.68653,-73.869347,0,0,0,4,4,1,465.6,0,8263.8,3118202,,,2.5,estimated_nearby,1076.916503518963
C0604,Brooklyn,40.69103,-74.000247,16,10,0,3,29,0,846.3,0,2109.5,3004700,,,7.0,estimated_nearby,526.2211651749819
C0605,Brooklyn,40.69103,-73.994297,41,30,0,41,112,1,394.2,0,1645.8,3000700,5.0,60.0,5.0,direct,0.0
C0606,Brooklyn,40.69103,-73.988347,30,38,0,87,155,4,198.3,0,1176.3,3003700,7.0,84.0,7.0,direct,0.0
C0607,Brooklyn,40.69103,-73.982397,24,19,0,58,101,5,65.3,0,749.6,3001502,9.0,108.0,9.0,direct,0.0
C0608,Brooklyn,40.69103,-73.976447,23,10,0,21,54,3,444.2,1,493.6,3003102,,,7.0,estimated_nearby,336.3400887799217
C0609,Brooklyn,40.69103,-73.970497,37,4,0,24,65,1,449.5,0,654.7,3018300,6.0,72.0,6.0,direct,0.0
C0610,Brooklyn,40.69103,-73.964547,25,8,0,24,57,2,379.9,0,876.9,3019300,5.0,60.0,5.0,direct,0.0
C0611,Brooklyn,40.69103,-73.958597,9,14,0,23,46,2,270.1,0,1118.4,3023500,,,4.0,estimated_nearby,327.275061585125
C0612,Brooklyn,40.69103,-73.952647,7,9,0,18,34,2,172.6,0,1495.3,3024100,4.0,48.0,4.0,direct,0.0
C0613,Brooklyn,40.69103,-73.946697,7,10,0,7,24,1,440.4,0,1929.9,3026100,,,3.79,estimated_nearby,545.0440553897604
C0614,Brooklyn,40.69103,-73.940747,7,6,0,7,20,0,802.7,0,2390.9,3027900,4.42,53.04,4.42,direct,0.0
C0615,Brooklyn,40.69103,-73.934797,4,3,0,6,13,0,566.2,0,2865.6,3029100,,,3.5,estimated_nearby,493.07628584065816
C0616,Brooklyn,40.69103,-73.928847,3,5,0,11,19,1,257.1,0,3348.2,3038700,,,3.5,estimated_nearby,553.2435964514759
C0617,Brooklyn,40.69103,-73.922897,3,5,0,12,20,1,164.4,0,3835.6,3039700,3.0,36.0,3.0,direct,0.0
C0618,Brooklyn,40.69103,-73.916947,7,2,0,5,14,1,475.0,0,4326.4,3039900,,,4.0,estimated_nearby,204.97399859282527
C0619,Brooklyn,40.69103,-73.910997,14,3,0,6,23,0,637.9,0,4819.4,3041300,,,3.0,estimated_nearby,392.1037404746083
C0620,Brooklyn,40.69103,-73.905047,5,3,0,5,13,1,265.7,0,5314.0,3040900,,,4.58,estimated_nearby,785.9022009033366
C0621,Brooklyn,40.69103,-73.875297,0,0,0,0,0,1,261.4,0,7729.4,3118000,,,3.0,estimated_nearby,1254.862606245575
C0622,Brooklyn,40.69103,-73.869347,0,0,0,0,0,1,296.0,0,8209.0,3118000,,,3.0,estimated_nearby,1254.862606245575
C0623,Brooklyn,40.69553,-73.994297,27,12,0,14,53,2,238.3,0,1857.0,3000501,9.0,108.0,9.0,direct,0.0
C0624,Brooklyn,40.69553,-73.988347,22,15,0,46,83,4,319.7,0,1457.2,3001300,4.0,48.0,4.0,direct,0.0
C0625,Brooklyn,40.69553,-73.982397,6,7,0,11,24,0,510.3,0,1140.9,3001501,,,9.0,estimated_nearby,418.93023676191905
C0626,Brooklyn,40.69553,-73.976447,6,1,0,13,20,0,708.4,0,991.7,3002901,,,6.5,estimated_nearby,538.7734454710412
C0627,Brooklyn,40.69553,-73.970497,19,5,0,31,55,0,883.0,0,1080.9,3018700,,,6.0,estimated_nearby,436.681779303288
C0628,Brooklyn,40.69553,-73.964547,15,7,0,18,40,0,830.9,0,1362.6,3019100,3.25,39.0,3.25,direct,0.0
C0629,Brooklyn,40.69553,-73.958597,2,3,0,16,21,0,750.6,0,1532.4,3123700,4.0,48.0,4.0,direct,0.0
C0630,Brooklyn,40.69553,-73.952647,1,1,0,11,13,1,321.9,0,1825.7,3123700,4.0,48.0,4.0,direct,0.0
C0631,Brooklyn,40.69553,-73.946697,2,3,0,5,10,1,225.1,0,2195.8,3025901,,,4.0,estimated_nearby,363.3139143688614
C0632,Brooklyn,40.69553,-73.940747,14,8,0,18,40,1,467.9,0,2606.2,3028300,3.0,36.0,3.0,direct,0.0
C0633,Brooklyn,40.69553,-73.934797,15,8,0,18,41,1,200.1,0,2983.4,3028700,3.5,42.0,3.5,direct,0.0
C0634,Brooklyn,40.69553,-73.928847,11,8,0,4,23,2,243.3,0,3392.9,3039300,3.0,36.0,3.0,direct,0.0
C0635,Brooklyn,40.69553,-73.922897,12,5,0,2,19,2,440.0,0,3824.4,3041900,,,3.0,estimated_nearby,512.829905391174
C0636,Brooklyn,40.69553,-73.916947,20,4,0,9,33,1,419.2,0,4271.3,3041700,,,4.0,estimated_nearby,466.4446615223359
C0637,Brooklyn,40.69553,-73.910997,23,4,0,17,44,1,462.6,0,4729.1,3043500,3.0,36.0,3.0,direct,0.0
C0638,Brooklyn,40.69553,-73.905047,9,1,0,4,14,0,741.1,0,5195.0,3043900,5.0,60.0,5.0,direct,0.0
C0639,Brooklyn,40.70003,-73.994297,26,16,0,9,51,2,302.8,0,2070.6,3000100,5.18,62.16,5.18,direct,0.0
C0640,Brooklyn,40.70003,-73.988347,29,27,0,13,69,3,199.6,0,1834.1,3001300,4.0,48.0,4.0,direct,0.0
C0641,Brooklyn,40.70003,-73.982397,7,6,0,4,17,1,397.3,0,1594.5,3002300,,,9.0,estimated_nearby,411.30416703426704
C0642,Brooklyn,40.70003,-73.976447,1,1,0,7,9,0,881.8,0,1491.3,3054300,,,4.0,estimated_nearby,892.9681803049754
C0643,Brooklyn,40.70003,-73.970497,2,3,0,10,15,0,1363.1,0,1487.6,3054300,,,4.0,estimated_nearby,892.9681803049754
C0644,Brooklyn,40.70003,-73.964547,2,2,0,2,6,0,1088.7,0,1343.6,3054300,,,4.0,estimated_nearby,892.9681803049754
C0645,Brooklyn,40.70003,-73.958597,1,0,0,1,2,0,706.1,0,1378.7,3053700,4.0,48.0,4.0,direct,0.0
C0646,Brooklyn,40.70003,-73.952647,0,0,0,1,1,1,207.0,0,1581.0,3053102,4.0,48.0,4.0,direct,0.0
C0647,Brooklyn,40.70003,-73.946697,4,1,0,13,18,3,300.7,0,1897.7,3025700,3.0,36.0,3.0,direct,0.0
C0648,Brooklyn,40.70003,-73.940747,14,5,0,18,37,1,40.9,0,2281.7,3028501,4.0,48.0,4.0,direct,0.0
C0649,Brooklyn,40.70003,-73.934797,20,10,0,18,48,1,322.2,0,2704.5,3039100,3.0,36.0,3.0,direct,0.0
C0650,Brooklyn,40.70003,-73.928847,35,9,0,12,56,1,270.8,0,3150.4,3042300,3.5,42.0,3.5,direct,0.0
C0651,Brooklyn,40.70003,-73.922897,32,8,0,14,54,2,308.6,0,3611.0,3042900,4.0,48.0,4.0,direct,0.0
C0652,Brooklyn,40.70003,-73.916947,44,11,0,21,76,3,278.1,0,4081.3,3043100,6.0,72.0,6.0,direct,0.0
C0653,Brooklyn,40.70453,-73.988347,23,21,0,10,54,1,373.4,0,1898.4,3002100,51.0,612.0,51.0,direct,0.0
C0654,Brooklyn,40.70453,-73.982397,9,10,0,4,23,0,506.0,0,1857.9,3002100,51.0,612.0,51.0,direct,0.0
C0655,Brooklyn,40.70453,-73.970497,0,0,0,1,1,0,1155.2,0,1061.9,3054300,,,4.0,estimated_nearby,892.9681803049754
C0656,Brooklyn,40.70453,-73.964547,0,1,0,1,2,0,713.3,0,848.6,3054500,,,4.0,estimated_nearby,577.4014182881617
C0657,Brooklyn,40.70453,-73.958597,2,1,0,8,11,1,431.6,0,903.2,3053300,3.0,36.0,3.0,direct,0.0
C0658,Brooklyn,40.70453,-73.952647,4,2,0,5,11,3,262.8,0,1189.3,3052900,3.0,36.0,3.0,direct,0.0
C0659,Brooklyn,40.70453,-73.946697,10,2,0,8,20,2,94.8,0,1586.2,3049100,5.0,60.0,5.0,direct,0.0
C0660,Brooklyn,40.70453,-73.940747,13,6,0,17,36,2,364.7,0,2030.0,3048900,,,4.0,estimated_nearby,396.12721330640636
C0661,Brooklyn,40.70453,-73.934797,26,9,0,5,40,1,227.8,0,2495.7,3048500,2.0,24.0,2.0,direct,0.0
C0662,Brooklyn,40.70453,-73.928847,36,13,0,10,59,1,404.9,0,2973.1,3042700,3.0,36.0,3.0,direct,0.0
C0663,Brooklyn,40.70453,-73.922897,44,17,0,19,80,2,231.0,0,3457.4,3044700,5.0,60.0,5.0,direct,0.0
C0664,Brooklyn,40.70453,-73.916947,30,14,0,11,55,1,148.0,0,3945.9,3044300,5.0,60.0,5.0,direct,0.0
C0665,Brooklyn,40.70903,-73.964547,24,6,0,3,33,0,577.2,1,368.3,3054700,,,4.0,estimated_nearby,520.5566293993155
C0666,Brooklyn,40.70903,-73.958597,32,6,0,12,50,2,102.9,1,480.8,3052500,6.0,72.0,6.0,direct,0.0
C0667,Brooklyn,40.70903,-73.952647,32,6,0,11,49,3,249.1,0,910.9,3052700,4.0,48.0,4.0,direct,0.0
C0668,Brooklyn,40.70903,-73.946697,36,8,0,12,56,1,446.5,0,1389.8,3050500,3.5,42.0,3.5,direct,0.0
C0669,Brooklyn,40.70903,-73.940747,19,13,0,11,43,2,162.2,0,1880.4,3049302,4.0,48.0,4.0,direct,0.0
C0670,Brooklyn,40.70903,-73.934797,15,9,0,2,26,2,348.9,0,2375.7,3048500,2.0,24.0,2.0,direct,0.0
C0671,Brooklyn,40.70903,-73.928847,8,2,0,0,10,1,483.5,0,2873.1,3044902,3.0,36.0,3.0,direct,0.0
C0672,Brooklyn,40.70903,-73.922897,15,10,0,6,31,1,269.4,0,3371.7,3045300,4.0,48.0,4.0,direct,0.0
C0673,Brooklyn,40.71353,-73.964547,65,21,0,14,100,0,771.1,1,227.8,3055100,9.0,108.0,9.0,direct,0.0
C0674,Brooklyn,40.71353,-73.958597,77,26,0,29,132,1,444.1,1,384.0,3051900,6.0,72.0,6.0,direct,0.0
C0675,Brooklyn,40.71353,-73.952647,60,17,0,12,89,1,152.2,0,863.7,3051300,4.0,48.0,4.0,direct,0.0
C0676,Brooklyn,40.71353,-73.946697,65,21,0,11,97,2,250.8,0,1359.3,3050300,4.5,54.0,4.5,direct,0.0
C0677,Brooklyn,40.71353,-73.940747,24,16,0,6,46,2,178.5,0,1858.0,3048100,3.0,36.0,3.0,direct,0.0
C0678,Brooklyn,40.71353,-73.934797,1,5,0,1,7,0,526.2,0,2357.9,3044902,3.0,36.0,3.0,direct,0.0
C0679,Brooklyn,40.71353,-73.928847,0,0,0,1,1,0,896.9,0,2858.3,3044902,3.0,36.0,3.0,direct,0.0
C0680,Brooklyn,40.71803,-73.964547,45,25,0,10,80,0,651.9,0,684.8,3055500,8.0,96.0,8.0,direct,0.0
C0681,Brooklyn,40.71803,-73.958597,82,38,0,22,142,1,166.3,0,751.3,3055300,10.0,120.0,10.0,direct,0.0
C0682,Brooklyn,40.71803,-73.952647,45,16,0,11,72,1,365.1,0,1078.4,3051900,6.0,72.0,6.0,direct,0.0
C0683,Brooklyn,40.71803,-73.946697,34,11,0,2,47,1,445.1,0,1504.8,3050100,5.0,60.0,5.0,direct,0.0
C0684,Brooklyn,40.71803,-73.940747,21,7,0,3,31,1,475.5,0,1967.0,3047700,3.0,36.0,3.0,direct,0.0
C0685,Brooklyn,40.71803,-73.934797,1,0,0,1,2,0,840.1,0,2444.6,3044902,3.0,36.0,3.0,direct,0.0
C0686,Brooklyn,40.71803,-73.928847,0,0,0,0,0,0,1205.7,0,2930.3,3044902,3.0,36.0,3.0,direct,0.0
C0687,Brooklyn,40.72253,-73.958597,34,13,0,2,49,0,599.0,0,1217.5,3055700,6.0,72.0,6.0,direct,0.0
C0688,Brooklyn,40.72253,-73.952647,51,13,0,9,73,1,261.0,0,1442.5,3051700,9.0,108.0,9.0,direct,0.0
C0689,Brooklyn,40.72253,-73.946697,43,13,0,9,65,1,451.4,0,1783.9,3049900,,,5.0,estimated_nearby,452.8920089191346
C0690,Brooklyn,40.72253,-73.940747,6,5,0,5,16,0,917.7,0,2187.8,3044901,14.0,168.0,14.0,direct,0.0
C0691,Brooklyn,40.72253,-73.934797,0,0,0,1,1,0,1180.2,0,2625.6,3044902,3.0,36.0,3.0,direct,0.0
C0692,Brooklyn,40.72253,-73.928847,0,0,0,0,0,0,1543.8,0,3082.8,3044902,3.0,36.0,3.0,direct,0.0
C0693,Brooklyn,40.72703,-73.958597,27,9,0,7,43,0,594.2,0,1703.2,3056100,8.0,96.0,8.0,direct,0.0
C0694,Brooklyn,40.72703,-73.952647,56,18,0,16,90,1,290.3,0,1870.6,3056100,8.0,96.0,8.0,direct,0.0
C0695,Brooklyn,40.72703,-73.946697,33,12,0,7,52,1,468.9,0,2144.9,3057100,4.0,48.0,4.0,direct,0.0
C0696,Brooklyn,40.72703,-73.940747,3,3,0,3,9,0,926.4,0,2490.9,3059300,2.0,24.0,2.0,direct,0.0
C0697,Brooklyn,40.72703,-73.934797,0,0,0,0,0,0,1414.0,0,2883.0,3059300,2.0,24.0,2.0,direct,0.0
C0698,Brooklyn,40.73153,-73.958597,37,16,0,11,64,1,350.1,0,2009.5,3056500,29.0,348.0,29.0,direct,0.0
C0699,Brooklyn,40.73153,-73.952647,32,15,0,12,59,1,153.1,0,2327.8,3057500,5.0,60.0,5.0,direct,0.0
C0700,Brooklyn,40.73153,-73.946697,3,3,0,1,7,0,653.5,0,2553.4,3057902,,,4.0,estimated_nearby,475.9873265932033
C0701,Brooklyn,40.73153,-73.940747,0,0,0,0,0,0,1154.7,0,2850.2,3058902,,,4.0,estimated_nearby,533.7448483344386
C0702,Brooklyn,40.73603,-73.958597,13,10,0,4,27,0,626.7,0,1785.0,3056301,4.0,48.0,4.0,direct,0.0
C0703,Brooklyn,40.73603,-73.952647,12,9,0,4,25,0,541.9,0,2263.3,3057901,3.0,36.0,3.0,direct,0.0
C0704,Manhattan,40.687417,-74.02393,1,0,0,0,1,0,1908.0,0,3435.5,1000500,,,10.0,estimated_nearby,1806.9813826149993
C0705,Manhattan,40.687417,-74.01798,1,1,0,2,4,0,1730.8,0,3172.5,1000500,,,10.0,estimated_nearby,1806.9813826149993
C0706,Manhattan,40.687417,-74.00608,7,0,0,1,8,0,1221.1,0,2258.6,1000500,,,10.0,estimated_nearby,1806.9813826149993
C0707,Manhattan,40.691917,-74.01798,3,1,0,2,6,0,1248.6,0,2787.7,1000500,,,10.0,estimated_nearby,1806.9813826149993
C0708,Manhattan,40.700917,-74.01203,31,16,3,26,76,2,214.7,0,1687.5,1000900,10.0,120.0,10.0,direct,0.0
C0709,Manhattan,40.705417,-74.01798,18,8,2,8,36,3,336.7,0,1443.0,1031704,6.5,78.0,6.5,direct,0.0
C0710,Manhattan,40.705417,-74.01203,91,44,10,53,198,7,143.6,0,1205.0,1000900,10.0,120.0,10.0,direct,0.0
C0711,Manhattan,40.705417,-74.00608,102,49,10,46,207,2,298.6,0,1151.0,1000700,10.0,120.0,10.0,direct,0.0
C0712,Manhattan,40.709917,-74.01798,20,6,2,16,44,2,443.4,0,1089.6,1031704,6.5,78.0,6.5,direct,0.0
C0713,Manhattan,40.709917,-74.01203,71,44,12,59,186,8,213.7,0,746.4,1001300,10.0,120.0,10.0,direct,0.0
C0714,Manhattan,40.709917,-74.00608,83,47,13,57,200,5,149.4,0,655.8,1001501,11.0,132.0,11.0,direct,0.0
C0715,Manhattan,40.709917,-74.00013,47,11,4,9,71,1,472.7,0,897.7,1002500,,,8.0,estimated_nearby,350.33228967242997
C0716,Manhattan,40.709917,-73.99418,31,8,3,11,53,0,540.8,0,1216.5,1000800,5.0,60.0,5.0,direct,0.0
C0717,Manhattan,40.709917,-73.98823,11,2,1,10,24,1,453.0,0,1342.1,1000600,6.0,72.0,6.0,direct,0.0
C0718,Manhattan,40.709917,-73.98228,1,0,0,2,3,0,788.0,0,1489.0,1000202,,,7.0,estimated_nearby,666.3223033170386
C0719,Manhattan,40.714417,-74.01203,58,29,7,34,128,4,261.1,1,403.9,1002100,11.0,132.0,11.0,direct,0.0
C0720,Manhattan,40.714417,-74.00608,58,24,10,41,133,4,147.2,1,189.7,1003100,11.0,132.0,11.0,direct,0.0
C0721,Manhattan,40.714417,-74.00013,119,36,5,32,192,2,337.1,0,641.8,1002902,8.0,96.0,8.0,direct,0.0
C0722,Manhattan,40.714417,-73.99418,179,56,19,38,292,2,346.6,0,717.5,1001600,7.0,84.0,7.0,direct,0.0
C0723,Manhattan,40.714417,-73.98823,86,23,20,33,162,2,181.4,0,905.4,1001401,8.0,96.0,8.0,direct,0.0
C0724,Manhattan,40.714417,-73.98228,15,3,1,12,31,0,645.7,0,1030.0,1000202,,,7.0,estimated_nearby,666.3223033170386
C0725,Manhattan,40.714417,-73.97633,2,1,0,5,8,0,1064.4,0,1178.8,1001001,,,6.0,estimated_nearby,644.657429118439
C0726,Manhattan,40.718917,-74.01203,46,16,6,10,78,2,435.8,0,519.4,1003900,9.0,108.0,9.0,direct,0.0
C0727,Manhattan,40.718917,-74.00608,76,30,13,40,159,5,81.3,1,377.7,1003300,7.5,90.0,7.5,direct,0.0
C0728,Manhattan,40.718917,-74.00013,178,71,18,49,316,3,44.9,1,481.9,1004500,13.0,156.0,13.0,direct,0.0
C0729,Manhattan,40.718917,-73.99418,206,78,50,46,380,3,80.7,1,224.8,1001800,8.0,96.0,8.0,direct,0.0
C0730,Manhattan,40.718917,-73.98823,142,40,64,51,297,2,63.4,1,405.1,1001800,8.0,96.0,8.0,direct,0.0
C0731,Manhattan,40.718917,-73.98228,55,15,20,24,114,1,465.9,0,636.6,1002201,6.0,72.0,6.0,direct,0.0
C0732,Manhattan,40.718917,-73.97633,2,0,0,4,6,0,965.9,0,1072.0,1001002,,,7.0,estimated_nearby,449.223270255574
C0733,Manhattan,40.723417,-74.01203,11,4,3,2,20,1,488.8,0,936.6,1003900,9.0,108.0,9.0,direct,0.0
C0734,Manhattan,40.723417,-74.00608,70,26,13,13,122,4,64.8,0,866.1,1003700,7.0,84.0,7.0,direct,0.0
C0735,Manhattan,40.723417,-74.00013,130,53,20,30,233,4,228.4,0,518.3,1004900,16.0,192.0,16.0,direct,0.0
C0736,Manhattan,40.723417,-73.99418,116,67,51,36,270,5,265.3,1,295.0,1004300,15.0,180.0,15.0,direct,0.0
C0737,Manhattan,40.723417,-73.98823,186,46,93,60,385,1,143.9,1,96.0,1003002,9.0,108.0,9.0,direct,0.0
C0738,Manhattan,40.723417,-73.98228,108,24,55,35,222,0,645.3,0,500.3,1002601,5.0,60.0,5.0,direct,0.0
C0739,Manhattan,40.723417,-73.97633,14,6,11,9,40,0,949.5,0,997.1,1002602,7.0,84.0,7.0,direct,0.0
C0740,Manhattan,40.727917,-74.00608,122,24,14,29,189,2,70.6,0,876.9,1003700,7.0,84.0,7.0,direct,0.0
C0741,Manhattan,40.727917,-74.00013,166,46,35,42,289,5,357.5,0,857.7,1006500,11.5,138.0,11.5,direct,0.0
C0742,Manhattan,40.727917,-73.99418,105,63,37,46,251,4,277.8,0,785.4,1005502,12.0,144.0,12.0,direct,0.0
C0743,Manhattan,40.727917,-73.98823,205,63,78,85,431,2,337.2,0,595.9,1003800,9.0,108.0,9.0,direct,0.0
C0744,Manhattan,40.727917,-73.98228,157,46,76,75,354,1,342.0,0,772.1,1003400,9.0,108.0,9.0,direct,0.0
C0745,Manhattan,40.727917,-73.97633,23,15,23,15,76,0,559.7,0,1157.6,1002800,7.0,84.0,7.0,direct,0.0
C0746,Manhattan,40.732417,-74.00608,114,34,27,22,197,3,289.8,1,385.0,1007300,16.0,192.0,16.0,direct,0.0
C0747,Manhattan,40.732417,-74.00013,191,45,39,31,306,2,32.0,1,383.0,1006500,11.5,138.0,11.5,direct,0.0
C0748,Manhattan,40.732417,-73.99418,69,47,14,43,173,3,266.5,1,467.0,1005900,11.0,132.0,11.0,direct,0.0
C0749,Manhattan,40.732417,-73.98823,145,62,34,83,324,4,184.0,0,890.1,1004200,9.0,108.0,9.0,direct,0.0
C0750,Manhattan,40.732417,-73.98228,92,38,27,62,219,2,171.8,0,1051.0,1004800,9.0,108.0,9.0,direct,0.0
C0751,Manhattan,40.732417,-73.97633,11,10,12,18,51,1,475.2,0,1020.0,1004400,8.0,96.0,8.0,direct,0.0
C0752,Manhattan,40.736917,-74.00608,92,38,25,6,161,1,471.8,1,168.1,1007900,17.0,204.0,17.0,direct,0.0
C0753,Manhattan,40.736917,-74.00013,95,40,18,22,175,4,224.5,1,241.7,1007100,11.0,132.0,11.0,direct,0.0
C0754,Manhattan,40.736917,-73.99418,91,29,15,41,176,2,314.8,1,360.4,1005400,8.33,99.96,8.33,direct,0.0
C0755,Manhattan,40.736917,-73.98823,95,53,22,73,243,4,276.2,0,839.0,1005000,10.0,120.0,10.0,direct,0.0
C0756,Manhattan,40.736917,-73.98228,54,30,12,42,138,1,489.7,0,592.8,1006400,9.0,108.0,9.0,direct,0.0
C0757,Manhattan,40.736917,-73.97633,12,8,1,14,35,0,799.4,0,536.0,1006200,2.0,24.0,2.0,direct,0.0
C0758,Manhattan,40.741417,-74.00608,68,26,23,15,132,1,353.5,0,639.6,1008300,11.5,138.0,11.5,direct,0.0
C0759,Manhattan,40.741417,-74.00013,91,36,18,29,174,4,194.9,0,686.2,1008100,9.0,108.0,9.0,direct,0.0
C0760,Manhattan,40.741417,-73.99418,82,27,22,37,168,4,198.7,0,736.4,1008700,12.0,144.0,12.0,direct,0.0
C0761,Manhattan,40.741417,-73.98823,128,45,27,68,268,5,94.7,0,815.9,1005600,10.33,123.96,10.33,direct,0.0
C0762,Manhattan,40.741417,-73.98228,88,38,15,76,217,2,248.4,1,314.6,1006800,10.0,120.0,10.0,direct,0.0
C0763,Manhattan,40.741417,-73.97633,42,20,3,41,106,0,693.2,1,186.7,1007001,8.0,96.0,8.0,direct,0.0
C0764,Manhattan,40.745917,-74.00608,42,12,9,8,71,0,677.2,0,1136.1,1009901,8.0,96.0,8.0,direct,0.0
C0765,Manhattan,40.745917,-74.00013,69,21,12,17,119,2,176.0,0,1176.5,1009300,10.0,120.0,10.0,direct,0.0
C0766,Manhattan,40.745917,-73.99418,80,36,32,57,205,5,159.8,0,1206.5,1009100,9.0,108.0,9.0,direct,0.0
C0767,Manhattan,40.745917,-73.98823,145,49,26,63,283,4,61.0,0,933.3,1007600,12.0,144.0,12.0,direct,0.0
C0768,Manhattan,40.745917,-73.98228,153,43,11,59,266,2,25.1,1,436.2,1007400,9.0,108.0,9.0,direct,0.0
C0769,Manhattan,40.745917,-73.97633,75,30,5,46,156,1,484.4,1,109.1,1007800,8.43,101.16,8.43,direct,0.0
C0770,Manhattan,40.745917,-73.97038,14,8,0,14,36,0,895.5,0,579.7,1008601,,,8.43,estimated_nearby,335.7909566544462
C0771,Manhattan,40.750417,-74.00608,13,5,6,3,27,0,701.9,0,1623.3,1009901,8.0,96.0,8.0,direct,0.0
C0772,Manhattan,40.750417,-74.00013,38,21,17,27,103,0,531.6,0,1291.2,1009700,4.0,48.0,4.0,direct,0.0
C0773,Manhattan,40.750417,-73.99418,71,39,26,69,205,3,218.3,0,1096.2,1010100,10.0,120.0,10.0,direct,0.0
C0774,Manhattan,40.750417,-73.98823,139,64,25,89,317,3,90.8,0,897.8,1010900,6.0,72.0,6.0,direct,0.0
C0775,Manhattan,40.750417,-73.98228,125,56,8,72,261,4,409.3,0,599.3,1008200,11.0,132.0,11.0,direct,0.0
C0776,Manhattan,40.750417,-73.97633,92,53,7,84,236,1,195.4,1,425.3,1008000,11.5,138.0,11.5,direct,0.0
C0777,Manhattan,40.750417,-73.97038,49,30,6,54,139,0,613.4,1,222.4,1008800,9.0,108.0,9.0,direct,0.0
C0778,Manhattan,40.754917,-74.00608,6,4,5,2,17,1,367.3,0,1345.1,1009903,8.0,96.0,8.0,direct,0.0
C0779,Manhattan,40.754917,-74.00013,25,18,9,16,68,1,184.4,0,917.4,1009903,8.0,96.0,8.0,direct,0.0
C0780,Manhattan,40.754917,-73.99418,93,47,24,77,241,1,299.9,0,613.3,1011100,8.0,96.0,8.0,direct,0.0
C0781,Manhattan,40.754917,-73.98823,132,66,25,90,313,2,107.2,0,642.6,1011300,12.0,144.0,12.0,direct,0.0
C0782,Manhattan,40.754917,-73.98228,112,62,14,82,270,3,129.7,2,191.7,1009600,21.0,252.0,21.0,direct,0.0
C0783,Manhattan,40.754917,-73.97633,87,65,9,94,255,1,336.6,2,362.7,1009400,13.0,156.0,13.0,direct,0.0
C0784,Manhattan,40.754917,-73.97038,86,29,13,68,196,1,268.4,1,280.3,1009800,8.0,96.0,8.0,direct,0.0
C0785,Manhattan,40.754917,-73.96443,45,5,10,13,73,0,576.4,0,552.7,1008603,7.0,84.0,7.0,direct,0.0
C0786,Manhattan,40.759417,-74.00608,1,0,0,0,1,0,527.1,0,1218.4,1009903,8.0,96.0,8.0,direct,0.0
C0787,Manhattan,40.759417,-74.00013,15,5,0,3,23,1,420.7,0,718.8,1011700,,,8.0,estimated_nearby,476.2687252905731
C0788,Manhattan,40.759417,-73.99418,117,27,20,36,200,0,689.6,1,226.4,1012102,11.0,132.0,11.0,direct,0.0
C0789,Manhattan,40.759417,-73.98823,178,40,27,57,302,4,348.7,2,296.8,1012101,14.0,168.0,14.0,direct,0.0
C0790,Manhattan,40.759417,-73.98228,123,44,17,50,234,5,116.0,2,313.9,1012500,14.0,168.0,14.0,direct,0.0
C0791,Manhattan,40.759417,-73.97633,85,37,8,42,172,2,125.0,1,464.7,1010200,15.0,180.0,15.0,direct,0.0
C0792,Manhattan,40.759417,-73.97038,83,30,10,42,165,3,232.3,0,780.0,1010000,11.0,132.0,11.0,direct,0.0
C0793,Manhattan,40.759417,-73.96443,69,20,14,34,137,1,443.4,0,914.0,1010802,9.0,108.0,9.0,direct,0.0
C0794,Manhattan,40.759417,-73.95848,26,10,4,13,53,1,440.7,0,1188.8,1010602,9.0,108.0,9.0,direct,0.0
C0795,Manhattan,40.759417,-73.95253,2,1,0,2,5,1,68.5,0,1262.5,1023804,,,9.0,estimated_nearby,640.7409363571924
C0796,Manhattan,40.763917,-73.99418,59,13,17,17,106,0,709.1,2,396.2,1012902,8.0,96.0,8.0,direct,0.0
C0797,Manhattan,40.763917,-73.98823,146,25,28,35,234,2,249.3,1,193.1,1013300,15.0,180.0,15.0,direct,0.0
C0798,Manhattan,40.763917,-73.98228,150,34,19,53,256,7,129.2,1,416.8,1013100,12.0,144.0,12.0,direct,0.0
C0799,Manhattan,40.763917,-73.97633,78,26,13,28,145,5,94.5,0,753.5,1011201,11.0,132.0,11.0,direct,0.0
C0800,Manhattan,40.763917,-73.97038,57,29,6,18,110,3,268.9,0,1170.6,1011401,16.0,192.0,16.0,direct,0.0
C0801,Manhattan,40.763917,-73.96443,57,27,7,27,118,3,162.4,0,893.0,1011000,10.0,120.0,10.0,direct,0.0
C0802,Manhattan,40.763917,-73.95848,39,24,5,27,95,0,542.9,0,689.9,1011600,7.0,84.0,7.0,direct,0.0
C0803,Manhattan,40.763917,-73.94658,0,0,0,1,1,0,773.4,0,1157.4,1023802,,,9.0,estimated_nearby,664.873292772784
C0804,Manhattan,40.768417,-73.99418,10,7,5,5,27,0,957.0,0,741.0,1013501,7.5,90.0,7.5,direct,0.0
C0805,Manhattan,40.768417,-73.98823,57,19,13,17,106,0,539.0,1,374.6,1013900,12.0,144.0,12.0,direct,0.0
C0806,Manhattan,40.768417,-73.98228,59,20,9,25,113,2,41.0,1,179.4,1014500,11.0,132.0,11.0,direct,0.0
C0807,Manhattan,40.768417,-73.97633,21,8,3,4,36,2,463.7,0,652.9,1014300,,,11.0,estimated_nearby,667.321249336398
C0808,Manhattan,40.768417,-73.97038,13,4,0,2,19,1,472.5,0,1088.4,1014300,,,11.0,estimated_nearby,667.321249336398
C0809,Manhattan,40.768417,-73.96443,33,22,1,3,59,2,56.3,0,600.8,1012000,12.0,144.0,12.0,direct,0.0
C0810,Manhattan,40.768417,-73.95848,78,36,8,30,152,2,42.7,1,198.8,1012601,10.0,120.0,10.0,direct,0.0
C0811,Manhattan,40.768417,-73.95253,55,21,10,30,116,1,498.2,1,469.2,1013201,9.0,108.0,9.0,direct,0.0
C0812,Manhattan,40.772917,-73.98823,19,11,3,6,39,0,510.3,0,706.8,1015101,,,11.0,estimated_nearby,410.3519713969132
C0813,Manhattan,40.772917,-73.98228,35,14,4,7,60,1,58.5,0,625.7,1014900,10.0,120.0,10.0,direct,0.0
C0814,Manhattan,40.772917,-73.97633,21,8,1,5,35,2,297.7,0,886.3,1014300,,,11.0,estimated_nearby,667.321249336398
C0815,Manhattan,40.772917,-73.97038,3,3,0,0,6,0,588.6,0,1117.5,1014300,,,11.0,estimated_nearby,667.321249336398
C0816,Manhattan,40.772917,-73.96443,29,14,2,3,48,1,391.5,0,652.1,1013000,21.0,252.0,21.0,direct,0.0
C0817,Manhattan,40.772917,-73.95848,90,27,11,18,146,2,141.0,1,322.1,1012800,9.0,108.0,9.0,direct,0.0
C0818,Manhattan,40.772917,-73.95253,92,29,16,24,161,0,556.6,0,533.3,1013800,9.0,108.0,9.0,direct,0.0
C0819,Manhattan,40.772917,-73.94658,16,5,2,1,24,0,705.8,0,983.5,1013604,9.0,108.0,9.0,direct,0.0
C0820,Manhattan,40.777417,-73.98823,8,6,3,6,23,0,539.5,0,1166.0,1015502,4.0,48.0,4.0,direct,0.0
C0821,Manhattan,40.777417,-73.98228,60,26,12,23,121,2,118.1,0,1118.7,1015700,12.0,144.0,12.0,direct,0.0
C0822,Manhattan,40.777417,-73.97633,54,19,7,18,98,2,202.8,0,1282.7,1015700,12.0,144.0,12.0,direct,0.0
C0823,Manhattan,40.777417,-73.97038,2,0,0,0,2,1,470.6,0,1346.7,1014300,,,11.0,estimated_nearby,667.321249336398
C0824,Manhattan,40.777417,-73.96443,13,7,3,1,24,0,570.5,0,995.1,1014300,,,11.0,estimated_nearby,667.321249336398
C0825,Manhattan,40.777417,-73.95848,67,28,5,21,121,2,335.4,0,817.8,1014000,15.0,180.0,15.0,direct,0.0
C0826,Manhattan,40.777417,-73.95253,101,39,16,28,184,2,81.8,0,921.6,1014601,10.0,120.0,10.0,direct,0.0
C0827,Manhattan,40.777417,-73.94658,56,13,13,7,89,1,441.6,0,1237.8,1014402,8.67,104.04,8.67,direct,0.0
C0828,Manhattan,40.781917,-73.98228,50,23,9,26,108,2,299.8,0,1616.2,1016300,12.0,144.0,12.0,direct,0.0
C0829,Manhattan,40.781917,-73.97633,79,31,15,21,146,2,356.6,0,1733.8,1016500,12.0,144.0,12.0,direct,0.0
C0830,Manhattan,40.781917,-73.97038,19,5,2,2,28,2,157.9,0,1696.9,1014300,,,11.0,estimated_nearby,667.321249336398
C0831,Manhattan,40.781917,-73.96443,5,4,2,1,12,0,579.4,0,1433.9,1014300,,,11.0,estimated_nearby,667.321249336398
C0832,Manhattan,40.781917,-73.95848,26,16,3,10,55,1,363.3,0,1317.0,1015002,16.0,192.0,16.0,direct,0.0
C0833,Manhattan,40.781917,-73.95253,70,28,11,25,134,3,372.9,0,1383.9,1014802,11.0,132.0,11.0,direct,0.0
C0834,Manhattan,40.781917,-73.94658,52,14,10,11,87,1,271.3,0,1611.8,1015402,8.0,96.0,8.0,direct,0.0
C0835,Manhattan,40.781917,-73.92873,0,0,0,0,0,0,1573.9,0,2767.3,1024000,,,3.0,estimated_nearby,1084.2794286410638
C0836,Manhattan,40.786417,-73.98228,39,17,8,10,74,1,340.3,0,2115.1,1016700,10.0,120.0,10.0,direct,0.0
C0837,Manhattan,40.786417,-73.97633,82,30,13,19,144,2,247.8,0,2206.3,1017100,12.0,144.0,12.0,direct,0.0
C0838,Manhattan,40.786417,-73.97038,41,14,6,6,67,1,137.5,0,2108.5,1017300,8.0,96.0,8.0,direct,0.0
C0839,Manhattan,40.786417,-73.96443,0,0,0,1,1,1,382.6,0,1903.3,1014300,,,11.0,estimated_nearby,667.321249336398
C0840,Manhattan,40.786417,-73.95848,8,9,1,4,22,0,629.3,0,1816.9,1014300,,,11.0,estimated_nearby,667.321249336398
C0841,Manhattan,40.786417,-73.95253,38,17,5,14,74,1,148.2,0,1865.9,1015801,9.0,108.0,9.0,direct,0.0
C0842,Manhattan,40.786417,-73.94658,37,9,5,23,74,3,238.3,0,2040.7,1015602,,,5.0,estimated_nearby,423.1251477865777
C0843,Manhattan,40.786417,-73.94063,7,0,0,6,13,0,596.6,0,2312.8,1016200,1.0,12.0,1.0,direct,0.0
C0844,Manhattan,40.786417,-73.93468,0,0,0,0,0,0,1075.7,0,2652.5,1024000,,,3.0,estimated_nearby,1084.2794286410638
C0845,Manhattan,40.786417,-73.92873,0,0,0,0,0,0,1568.5,0,3037.1,1024000,,,3.0,estimated_nearby,1084.2794286410638
C0846,Manhattan,40.786417,-73.92278,0,0,0,0,0,0,2045.0,0,3451.8,1024000,,,3.0,estimated_nearby,1084.2794286410638
C0847,Manhattan,40.790917,-73.97633,47,17,4,16,84,2,252.9,0,2688.8,1017500,11.0,132.0,11.0,direct,0.0
C0848,Manhattan,40.790917,-73.97038,49,19,5,20,93,2,371.7,0,2552.1,1017700,8.0,96.0,8.0,direct,0.0
C0849,Manhattan,40.790917,-73.96443,6,3,0,7,16,1,83.7,0,2385.3,1014300,,,11.0,estimated_nearby,667.321249336398
C0850,Manhattan,40.790917,-73.95848,0,0,0,0,0,0,529.5,0,2317.0,1014300,,,11.0,estimated_nearby,667.321249336398
C0851,Manhattan,40.790917,-73.95253,19,10,3,13,45,1,426.8,0,2355.6,1016800,,,5.0,estimated_nearby,311.958703524378
C0852,Manhattan,40.790917,-73.94658,38,3,2,28,71,2,83.4,0,2496.3,1016600,5.0,60.0,5.0,direct,0.0
C0853,Manhattan,40.790917,-73.94063,31,3,0,25,59,0,548.6,0,2723.2,1017000,5.0,60.0,5.0,direct,0.0
C0854,Manhattan,40.790917,-73.92873,0,0,0,0,0,0,1382.8,0,3360.2,1024000,,,3.0,estimated_nearby,1084.2794286410638
C0855,Manhattan,40.790917,-73.92278,0,0,0,0,0,0,1802.7,0,3739.2,1024000,,,3.0,estimated_nearby,1084.2794286410638
C0856,Manhattan,40.790917,-73.91683,0,0,0,0,0,0,2255.9,0,4144.1,1024000,,,3.0,estimated_nearby,1084.2794286410638
C0857,Manhattan,40.795417,-73.97633,15,8,2,13,38,1,376.2,0,3176.9,1018300,11.0,132.0,11.0,direct,0.0
C0858,Manhattan,40.795417,-73.97038,49,11,4,22,86,2,233.4,0,3013.5,1018300,11.0,132.0,11.0,direct,0.0
C0859,Manhattan,40.795417,-73.96443,29,5,2,10,46,2,261.5,0,2873.6,1018900,5.0,60.0,5.0,direct,0.0
C0860,Manhattan,40.795417,-73.95848,2,2,0,2,6,1,261.4,0,2817.2,1014300,,,11.0,estimated_nearby,667.321249336398
C0861,Manhattan,40.795417,-73.95253,3,2,1,6,12,1,411.1,0,2849.0,1014300,,,11.0,estimated_nearby,667.321249336398
C0862,Manhattan,40.795417,-73.94658,13,0,2,15,30,1,201.0,0,2966.4,1017401,,,5.0,estimated_nearby,615.3063515620529
C0863,Manhattan,40.795417,-73.94063,37,5,0,21,63,2,307.9,0,3159.7,1018000,3.0,36.0,3.0,direct,0.0
C0864,Manhattan,40.795417,-73.93468,21,4,0,5,30,0,684.5,0,3416.2,1017800,3.0,36.0,3.0,direct,0.0
C0865,Manhattan,40.795417,-73.92278,0,0,0,0,0,0,1579.6,0,4068.0,1024000,,,3.0,estimated_nearby,1084.2794286410638
C0866,Manhattan,40.795417,-73.91683,0,0,0,0,0,0,1998.8,0,4443.1,1024000,,,3.0,estimated_nearby,1084.2794286410638
C0867,Manhattan,40.799917,-73.97038,55,10,5,22,92,1,176.4,0,3485.6,1019100,9.0,108.0,9.0,direct,0.0
C0868,Manhattan,40.799917,-73.96443,71,19,9,28,127,3,336.5,0,3365.5,1019300,6.0,72.0,6.0,direct,0.0
C0869,Manhattan,40.799917,-73.95848,25,8,2,9,44,2,80.9,0,3317.4,1014300,,,11.0,estimated_nearby,667.321249336398
C0870,Manhattan,40.799917,-73.95253,18,4,2,7,31,3,111.0,0,3344.5,1021600,6.0,72.0,6.0,direct,0.0
C0871,Manhattan,40.799917,-73.94658,14,1,1,10,26,3,352.9,0,3445.0,1018400,3.22,38.64,3.22,direct,0.0
C0872,Manhattan,40.799917,-73.94063,19,1,0,13,33,1,165.6,0,3612.8,1018200,6.0,72.0,6.0,direct,0.0
C0873,Manhattan,40.799917,-73.93468,20,3,0,9,32,0,529.6,0,3839.1,1019400,3.0,36.0,3.0,direct,0.0
C0874,Manhattan,40.799917,-73.92278,0,0,0,0,0,0,1332.3,0,4429.1,1024000,,,3.0,estimated_nearby,1084.2794286410638
C0875,Manhattan,40.804417,-73.97038,20,10,2,19,51,1,301.5,0,3964.7,1019500,10.0,120.0,10.0,direct,0.0
C0876,Manhattan,40.804417,-73.96443,48,23,7,35,113,2,209.5,0,3859.5,1019900,13.0,156.0,13.0,direct,0.0
C0877,Manhattan,40.804417,-73.95848,33,12,3,12,60,2,311.8,0,3817.7,1019701,,,5.21,estimated_nearby,315.86126945472614
C0878,Manhattan,40.804417,-73.95253,44,8,2,11,65,2,211.4,0,3841.3,1021800,5.21,62.52,5.21,direct,0.0
C0879,Manhattan,40.804417,-73.94658,26,5,1,11,43,2,363.6,0,3929.1,1020000,6.42,77.03999999999999,6.42,direct,0.0
C0880,Manhattan,40.804417,-73.94063,7,1,0,11,19,1,257.4,0,4077.0,1019800,6.0,72.0,6.0,direct,0.0
C0881,Manhattan,40.804417,-73.93468,2,0,0,7,9,1,247.2,0,4278.8,1024200,1.43,17.16,1.43,direct,0.0
C0882,Manhattan,40.808917,-73.96443,12,18,1,14,45,1,135.6,0,4355.0,1020500,,,6.0,estimated_nearby,528.3969180153833
C0883,Manhattan,40.808917,-73.95848,17,13,1,6,37,1,492.1,0,4318.0,1020701,2.5,30.0,2.5,direct,0.0
C0884,Manhattan,40.808917,-73.95253,26,5,1,6,38,2,244.2,0,4338.8,1025700,4.67,56.04,4.67,direct,0.0
C0885,Manhattan,40.808917,-73.94658,23,3,3,12,41,1,158.3,0,4416.8,1022200,8.0,96.0,8.0,direct,0.0
C0886,Manhattan,40.808917,-73.94063,15,5,1,12,33,1,429.4,0,4548.9,1020800,6.0,72.0,6.0,direct,0.0
C0887,Manhattan,40.808917,-73.93468,1,1,0,0,2,0,585.3,0,4730.6,1024200,1.43,17.16,1.43,direct,0.0
C0888,Manhattan,40.813417,-73.96443,10,4,3,1,18,0,563.7,0,4851.5,1020500,,,6.0,estimated_nearby,528.3969180153833
C0889,Manhattan,40.813417,-73.95848,21,7,4,11,43,1,240.8,0,4818.3,1021100,6.0,72.0,6.0,direct,0.0
C0890,Manhattan,40.813417,-73.95253,7,4,1,6,18,1,257.1,0,4837.0,1021303,5.0,60.0,5.0,direct,0.0
C0891,Manhattan,40.813417,-73.94658,15,5,1,7,28,1,497.2,0,4907.0,1022600,5.0,60.0,5.0,direct,0.0
C0892,Manhattan,40.813417,-73.94063,9,5,0,4,18,1,91.1,0,5026.2,1021200,4.0,48.0,4.0,direct,0.0
C0893,Manhattan,40.813417,-73.93468,1,0,0,0,1,0,520.4,0,5191.2,1021000,,,5.0,estimated_nearby,337.0679748082959
C0894,Manhattan,40.817917,-73.95848,19,3,4,9,35,1,259.9,0,5318.6,1021900,4.0,48.0,4.0,direct,0.0
C0895,Manhattan,40.817917,-73.95253,7,1,0,5,13,2,410.8,0,5335.6,1021303,5.0,60.0,5.0,direct,0.0
C0896,Manhattan,40.817917,-73.94658,8,4,2,4,18,1,90.0,0,5399.1,1022102,,,5.0,estimated_nearby,399.7378724153421
C0897,Manhattan,40.817917,-73.94063,12,3,1,8,24,2,410.3,0,5507.7,1023000,4.0,48.0,4.0,direct,0.0
C0898,Manhattan,40.817917,-73.93468,5,0,0,3,8,1,308.0,0,5658.7,1021400,,,4.0,estimated_nearby,449.87206923257475
C0899,Manhattan,40.822417,-73.95253,12,3,0,4,19,2,106.6,0,5834.5,1022500,8.0,96.0,8.0,direct,0.0
C0900,Manhattan,40.822417,-73.94658,12,6,0,13,31,1,329.8,0,5892.6,1022700,7.5,90.0,7.5,direct,0.0
C0901,Manhattan,40.822417,-73.94063,11,3,0,17,31,3,386.0,0,5992.3,1023200,5.0,60.0,5.0,direct,0.0
C0902,Manhattan,40.822417,-73.93468,6,0,0,7,13,2,221.7,0,6131.3,1023600,1.0,12.0,1.0,direct,0.0
C0903,Manhattan,40.826917,-73.95253,22,4,1,7,34,1,187.1,0,6333.6,1022900,7.58,90.96,7.58,direct,0.0
C0904,Manhattan,40.826917,-73.94658,24,4,1,13,42,2,309.6,0,6387.2,1023300,7.0,84.0,7.0,direct,0.0
C0905,Manhattan,40.826917,-73.94063,9,1,0,12,22,4,383.9,0,6479.2,1023501,5.0,60.0,5.0,direct,0.0
C0906,Manhattan,40.826917,-73.93468,1,0,0,1,2,2,369.8,0,6608.0,1023600,1.0,12.0,1.0,direct,0.0
C0907,Manhattan,40.831417,-73.94658,18,4,1,9,32,2,324.6,0,6882.6,1023700,5.0,60.0,5.0,direct,0.0
C0908,Manhattan,40.831417,-73.94063,3,1,1,5,10,3,124.6,0,6968.1,1023900,4.0,48.0,4.0,direct,0.0
C0909,Manhattan,40.835917,-73.94658,4,2,0,6,12,1,252.4,0,7378.7,1024700,,,5.5,estimated_nearby,391.6736244467015
C0910,Manhattan,40.835917,-73.94063,7,2,1,8,18,2,63.0,0,7458.5,1024500,7.0,84.0,7.0,direct,0.0
C0911,Manhattan,40.835917,-73.93468,2,0,0,0,2,1,438.6,0,7570.6,1024302,,,5.0,estimated_nearby,341.45627833581204
C0912,Manhattan,40.840417,-73.94658,0,2,0,4,6,0,566.9,0,7875.3,1024700,,,5.5,estimated_nearby,391.6736244467015
C0913,Manhattan,40.840417,-73.94063,9,4,0,12,25,2,70.3,0,7950.1,1025100,5.5,66.0,5.5,direct,0.0
C0914,Manhattan,40.840417,-73.93468,6,2,0,7,15,1,435.4,0,8055.4,1031100,,,8.0,estimated_nearby,304.61180823219706
C0915,Manhattan,40.844917,-73.94063,18,5,0,13,36,2,285.9,0,8442.8,1025300,7.0,84.0,7.0,direct,0.0
C0916,Manhattan,40.844917,-73.93468,23,1,0,13,37,0,504.2,0,8542.0,1026100,8.0,96.0,8.0,direct,0.0
C0917,Manhattan,40.849417,-73.94658,0,0,0,0,0,0,620.7,0,8869.8,1025500,,,7.0,estimated_nearby,500.06473749548513
C0918,Manhattan,40.849417,-73.94063,21,3,1,9,34,2,238.4,0,8936.3,1026500,8.5,102.0,8.5,direct,0.0
C0919,Manhattan,40.849417,-73.93468,29,5,1,16,51,3,91.7,0,9030.1,1027100,8.0,96.0,8.0,direct,0.0
C0920,Manhattan,40.849417,-73.92873,18,2,0,7,27,1,409.4,0,9150.4,1031100,,,8.0,estimated_nearby,304.61180823219706
C0921,Manhattan,40.853917,-73.94063,14,2,1,3,20,1,333.4,0,9430.5,1027500,,,7.0,estimated_nearby,220.89507854895393
C0922,Manhattan,40.853917,-73.93468,20,4,3,13,40,3,370.9,0,9519.5,1027100,8.0,96.0,8.0,direct,0.0
C0923,Manhattan,40.853917,-73.92873,15,0,1,5,21,1,156.3,0,9633.6,1027700,6.63,79.56,6.63,direct,0.0
C0924,Manhattan,40.858417,-73.93468,10,1,2,1,14,1,79.3,0,10009.9,1027300,7.0,84.0,7.0,direct,0.0
C0925,Manhattan,40.858417,-73.92873,5,1,2,4,12,3,356.9,0,10118.5,1028300,5.79,69.48,5.79,direct,0.0
C0926,Manhattan,40.858417,-73.92278,3,1,1,0,5,1,330.1,0,10250.5,1029900,3.75,45.0,3.75,direct,0.0
C0927,Manhattan,40.862917,-73.93468,1,0,0,0,1,1,435.1,0,10501.3,1028700,7.0,84.0,7.0,direct,0.0
C0928,Manhattan,40.862917,-73.92873,12,2,4,5,23,2,311.4,0,10604.9,1028700,7.0,84.0,7.0,direct,0.0
C0929,Manhattan,40.862917,-73.92278,6,2,3,4,15,3,352.3,0,10730.8,1029100,6.0,72.0,6.0,direct,0.0
C0930,Manhattan,40.862917,-73.91683,2,0,1,0,3,1,252.9,0,10878.4,1029900,3.75,45.0,3.75,direct,0.0
C0931,Manhattan,40.867417,-73.92873,10,1,4,5,20,1,246.8,0,11092.5,1029700,,,6.0,estimated_nearby,537.1445781503085
C0932,Manhattan,40.867417,-73.92278,14,1,4,5,24,3,253.0,0,11213.0,1029500,7.0,84.0,7.0,direct,0.0
C0933,Manhattan,40.867417,-73.91683,9,2,2,2,15,3,260.4,0,11354.3,1030300,5.75,69.0,5.75,direct,0.0
C0934,Manhattan,40.871917,-73.92873,1,0,1,0,2,0,725.0,0,11581.2,1029700,,,6.0,estimated_nearby,537.1445781503085
C0935,Manhattan,40.871917,-73.92278,5,0,0,1,6,1,491.4,0,11696.6,1029700,,,6.0,estimated_nearby,537.1445781503085
C0936,Manhattan,40.871917,-73.91683,5,2,1,0,8,2,304.3,0,11832.1,1030700,3.0,36.0,3.0,direct,0.0
C0937,Manhattan,40.871917,-73.91088,5,2,0,3,10,2,306.9,0,11987.0,1029900,3.75,45.0,3.75,direct,0.0
C0938,Manhattan,40.876417,-73.92278,0,0,0,0,0,0,959.0,0,12181.6,1029700,,,6.0,estimated_nearby,537.1445781503085
C0939,Manhattan,40.876417,-73.91088,3,1,0,3,7,1,224.4,0,12460.7,1030900,5.0,60.0,5.0,direct,0.0
