candidate_id,borough,latitude,longitude
C0001,Brooklyn,40.57403,-74.006197
C0002,Brooklyn,40.57403,-74.000247
C0003,Brooklyn,40.57403,-73.994297
C0004,Brooklyn,40.57403,-73.988347
C0005,Brooklyn,40.57403,-73.982397
C0006,Brooklyn,40.57403,-73.976447
C0007,Brooklyn,40.57403,-73.970497
C0008,Brooklyn,40.57403,-73.964547
C0009,Brooklyn,40.57853,-74.012147
C0010,Brooklyn,40.57853,-74.006197
C0011,Brooklyn,40.57853,-74.000247
C0012,Brooklyn,40.57853,-73.994297
C0013,Brooklyn,40.57853,-73.988347
C0014,Brooklyn,40.57853,-73.982397
C0015,Brooklyn,40.57853,-73.976447
C0016,Brooklyn,40.57853,-73.970497
C0017,Brooklyn,40.57853,-73.964547
C0018,Brooklyn,40.57853,-73.958597
C0019,Brooklyn,40.57853,-73.952647
C0020,Brooklyn,40.57853,-73.946697
C0021,Brooklyn,40.57853,-73.940747
C0022,Brooklyn,40.57853,-73.934797
C0023,Brooklyn,40.57853,-73.893147
C0024,Brooklyn,40.57853,-73.887197
C0025,Brooklyn,40.58303,-73.994297
C0026,Brooklyn,40.58303,-73.988347
C0027,Brooklyn,40.58303,-73.982397
C0028,Brooklyn,40.58303,-73.976447
C0029,Brooklyn,40.58303,-73.970497
C0030,Brooklyn,40.58303,-73.964547
C0031,Brooklyn,40.58303,-73.958597
C0032,Brooklyn,40.58303,-73.893147
C0033,Brooklyn,40.58303,-73.887197
C0034,Brooklyn,40.58303,-73.881247
C0035,Brooklyn,40.58303,-73.869347
C0036,Brooklyn,40.58753,-73.994297
C0037,Brooklyn,40.58753,-73.988347
C0038,Brooklyn,40.58753,-73.982397
C0039,Brooklyn,40.58753,-73.976447
C0040,Brooklyn,40.58753,-73.970497
C0041,Brooklyn,40.58753,-73.964547
C0042,Brooklyn,40.58753,-73.958597
C0043,Brooklyn,40.58753,-73.952647
C0044,Brooklyn,40.58753,-73.946697
C0045,Brooklyn,40.58753,-73.940747
C0046,Brooklyn,40.58753,-73.934797
C0047,Brooklyn,40.58753,-73.922897
C0048,Brooklyn,40.58753,-73.910997
C0049,Brooklyn,40.58753,-73.905047
C0050,Brooklyn,40.58753,-73.899097
C0051,Brooklyn,40.58753,-73.893147
C0052,Brooklyn,40.58753,-73.887197
C0053,Brooklyn,40.58753,-73.881247
C0054,Brooklyn,40.58753,-73.869347
C0055,Brooklyn,40.58753,-73.863397
C0056,Brooklyn,40.59203,-73.994297
C0057,Brooklyn,40.59203,-73.988347
C0058,Brooklyn,40.59203,-73.982397
C0059,Brooklyn,40.59203,-73.976447
C0060,Brooklyn,40.59203,-73.970497
C0061,Brooklyn,40.59203,-73.964547
C0062,Brooklyn,40.59203,-73.958597
C0063,Brooklyn,40.59203,-73.952647
C0064,Brooklyn,40.59203,-73.946697
C0065,Brooklyn,40.59203,-73.940747
C0066,Brooklyn,40.59203,-73.934797
C0067,Brooklyn,40.59203,-73.928847
C0068,Brooklyn,40.59203,-73.922897
C0069,Brooklyn,40.59203,-73.910997
C0070,Brooklyn,40.59203,-73.905047
C0071,Brooklyn,40.59203,-73.899097
C0072,Brooklyn,40.59203,-73.893147
C0073,Brooklyn,40.59203,-73.887197
C0074,Brooklyn,40.59203,-73.881247
C0075,Brooklyn,40.59653,-74.000247
C0076,Brooklyn,40.59653,-73.994297
C0077,Brooklyn,40.59653,-73.988347
C0078,Brooklyn,40.59653,-73.982397
C0079,Brooklyn,40.59653,-73.976447
C0080,Brooklyn,40.59653,-73.970497
C0081,Brooklyn,40.59653,-73.964547
C0082,Brooklyn,40.59653,-73.958597
C0083,Brooklyn,40.59653,-73.952647
C0084,Brooklyn,40.59653,-73.946697
C0085,Brooklyn,40.59653,-73.940747
C0086,Brooklyn,40.59653,-73.934797
C0087,Brooklyn,40.59653,-73.928847
C0088,Brooklyn,40.59653,-73.916947
C0089,Brooklyn,40.59653,-73.910997
C0090,Brooklyn,40.59653,-73.905047
C0091,Brooklyn,40.59653,-73.899097
C0092,Brooklyn,40.59653,-73.893147
C0093,Brooklyn,40.59653,-73.887197
C0094,Brooklyn,40.59653,-73.881247
C0095,Brooklyn,40.59653,-73.857447
C0096,Brooklyn,40.60103,-74.006197
C0097,Brooklyn,40.60103,-74.000247
C0098,Brooklyn,40.60103,-73.994297
C0099,Brooklyn,40.60103,-73.988347
C0100,Brooklyn,40.60103,-73.982397
C0101,Brooklyn,40.60103,-73.976447
C0102,Brooklyn,40.60103,-73.970497
C0103,Brooklyn,40.60103,-73.964547
C0104,Brooklyn,40.60103,-73.958597
C0105,Brooklyn,40.60103,-73.952647
C0106,Brooklyn,40.60103,-73.946697
C0107,Brooklyn,40.60103,-73.940747
C0108,Brooklyn,40.60103,-73.934797
C0109,Brooklyn,40.60103,-73.916947
C0110,Brooklyn,40.60103,-73.910997
C0111,Brooklyn,40.60103,-73.905047
C0112,Brooklyn,40.60103,-73.899097
C0113,Brooklyn,40.60103,-73.893147
C0114,Brooklyn,40.60103,-73.887197
C0115,Brooklyn,40.60103,-73.857447
C0116,Brooklyn,40.60553,-74.029997
C0117,Brooklyn,40.60553,-74.024047
C0118,Brooklyn,40.60553,-74.018097
C0119,Brooklyn,40.60553,-74.012147
C0120,Brooklyn,40.60553,-74.006197
C0121,Brooklyn,40.60553,-74.000247
C0122,Brooklyn,40.60553,-73.994297
C0123,Brooklyn,40.60553,-73.988347
C0124,Brooklyn,40.60553,-73.982397
C0125,Brooklyn,40.60553,-73.976447
C0126,Brooklyn,40.60553,-73.970497
C0127,Brooklyn,40.60553,-73.964547
C0128,Brooklyn,40.60553,-73.958597
C0129,Brooklyn,40.60553,-73.952647
C0130,Brooklyn,40.60553,-73.946697
C0131,Brooklyn,40.60553,-73.940747
C0132,Brooklyn,40.60553,-73.934797
C0133,Brooklyn,40.60553,-73.928847
C0134,Brooklyn,40.60553,-73.922897
C0135,Brooklyn,40.60553,-73.910997
C0136,Brooklyn,40.60553,-73.905047
C0137,Brooklyn,40.60553,-73.899097
C0138,Brooklyn,40.60553,-73.845547
C0139,Brooklyn,40.61003,-74.035947
C0140,Brooklyn,40.61003,-74.029997
C0141,Brooklyn,40.61003,-74.024047
C0142,Brooklyn,40.61003,-74.018097
C0143,Brooklyn,40.61003,-74.012147
C0144,Brooklyn,40.61003,-74.006197
C0145,Brooklyn,40.61003,-74.000247
C0146,Brooklyn,40.61003,-73.994297
C0147,Brooklyn,40.61003,-73.988347
C0148,Brooklyn,40.61003,-73.982397
C0149,Brooklyn,40.61003,-73.976447
C0150,Brooklyn,40.61003,-73.970497
C0151,Brooklyn,40.61003,-73.964547
C0152,Brooklyn,40.61003,-73.958597
C0153,Brooklyn,40.61003,-73.952647
C0154,Brooklyn,40.61003,-73.946697
C0155,Brooklyn,40.61003,-73.940747
C0156,Brooklyn,40.61003,-73.934797
C0157,Brooklyn,40.61003,-73.928847
C0158,Brooklyn,40.61003,-73.922897
C0159,Brooklyn,40.61003,-73.910997
C0160,Brooklyn,40.61003,-73.905047
C0161,Brooklyn,40.61003,-73.899097
C0162,Brooklyn,40.61003,-73.893147
C0163,Brooklyn,40.61003,-73.851497
C0164,Brooklyn,40.61003,-73.845547
C0165,Brooklyn,40.61003,-73.839597
C0166,Brooklyn,40.61453,-74.035947
C0167,Brooklyn,40.61453,-74.029997
C0168,Brooklyn,40.61453,-74.024047
C0169,Brooklyn,40.61453,-74.018097
C0170,Brooklyn,40.61453,-74.012147
C0171,Brooklyn,40.61453,-74.006197
C0172,Brooklyn,40.61453,-74.000247
C0173,Brooklyn,40.61453,-73.994297
C0174,Brooklyn,40.61453,-73.988347
C0175,Brooklyn,40.61453,-73.982397
C0176,Brooklyn,40.61453,-73.976447
C0177,Brooklyn,40.61453,-73.970497
C0178,Brooklyn,40.61453,-73.964547
C0179,Brooklyn,40.61453,-73.958597
C0180,Brooklyn,40.61453,-73.952647
C0181,Brooklyn,40.61453,-73.946697
C0182,Brooklyn,40.61453,-73.940747
C0183,Brooklyn,40.61453,-73.934797
C0184,Brooklyn,40.61453,-73.928847
C0185,Brooklyn,40.61453,-73.922897
C0186,Brooklyn,40.61453,-73.916947
C0187,Brooklyn,40.61453,-73.910997
C0188,Brooklyn,40.61453,-73.905047
C0189,Brooklyn,40.61453,-73.899097
C0190,Brooklyn,40.61903,-74.035947
C0191,Brooklyn,40.61903,-74.029997
C0192,Brooklyn,40.61903,-74.024047
C0193,Brooklyn,40.61903,-74.018097
C0194,Brooklyn,40.61903,-74.012147
C0195,Brooklyn,40.61903,-74.006197
C0196,Brooklyn,40.61903,-74.000247
C0197,Brooklyn,40.61903,-73.994297
C0198,Brooklyn,40.61903,-73.988347
C0199,Brooklyn,40.61903,-73.982397
C0200,Brooklyn,40.61903,-73.976447
C0201,Brooklyn,40.61903,-73.970497
C0202,Brooklyn,40.61903,-73.964547
C0203,Brooklyn,40.61903,-73.958597
C0204,Brooklyn,40.61903,-73.952647
C0205,Brooklyn,40.61903,-73.946697
C0206,Brooklyn,40.61903,-73.940747
C0207,Brooklyn,40.61903,-73.934797
C0208,Brooklyn,40.61903,-73.928847
C0209,Brooklyn,40.61903,-73.922897
C0210,Brooklyn,40.61903,-73.916947
C0211,Brooklyn,40.61903,-73.910997
C0212,Brooklyn,40.61903,-73.905047
C0213,Brooklyn,40.61903,-73.899097
C0214,Brooklyn,40.61903,-73.875297
C0215,Brooklyn,40.61903,-73.869347
C0216,Brooklyn,40.62353,-74.035947
C0217,Brooklyn,40.62353,-74.029997
C0218,Brooklyn,40.62353,-74.024047
C0219,Brooklyn,40.62353,-74.018097
C0220,Brooklyn,40.62353,-74.012147
C0221,Brooklyn,40.62353,-74.006197
C0222,Brooklyn,40.62353,-74.000247
C0223,Brooklyn,40.62353,-73.994297
C0224,Brooklyn,40.62353,-73.988347
C0225,Brooklyn,40.62353,-73.982397
C0226,Brooklyn,40.62353,-73.976447
C0227,Brooklyn,40.62353,-73.970497
C0228,Brooklyn,40.62353,-73.964547
C0229,Brooklyn,40.62353,-73.958597
C0230,Brooklyn,40.62353,-73.952647
C0231,Brooklyn,40.62353,-73.946697
C0232,Brooklyn,40.62353,-73.940747
C0233,Brooklyn,40.62353,-73.934797
C0234,Brooklyn,40.62353,-73.928847
C0235,Brooklyn,40.62353,-73.922897
C0236,Brooklyn,40.62353,-73.916947
C0237,Brooklyn,40.62353,-73.910997
C0238,Brooklyn,40.62353,-73.905047
C0239,Brooklyn,40.62353,-73.893147
C0240,Brooklyn,40.62353,-73.869347
C0241,Brooklyn,40.62353,-73.863397
C0242,Brooklyn,40.62803,-74.035947
C0243,Brooklyn,40.62803,-74.029997
C0244,Brooklyn,40.62803,-74.024047
C0245,Brooklyn,40.62803,-74.018097
C0246,Brooklyn,40.62803,-74.012147
C0247,Brooklyn,40.62803,-74.006197
C0248,Brooklyn,40.62803,-74.000247
C0249,Brooklyn,40.62803,-73.994297
C0250,Brooklyn,40.62803,-73.988347
C0251,Brooklyn,40.62803,-73.982397
C0252,Brooklyn,40.62803,-73.976447
C0253,Brooklyn,40.62803,-73.970497
C0254,Brooklyn,40.62803,-73.964547
C0255,Brooklyn,40.62803,-73.958597
C0256,Brooklyn,40.62803,-73.952647
C0257,Brooklyn,40.62803,-73.946697
C0258,Brooklyn,40.62803,-73.940747
C0259,Brooklyn,40.62803,-73.934797
C0260,Brooklyn,40.62803,-73.928847
C0261,Brooklyn,40.62803,-73.922897
C0262,Brooklyn,40.62803,-73.916947
C0263,Brooklyn,40.62803,-73.905047
C0264,Brooklyn,40.62803,-73.899097
C0265,Brooklyn,40.62803,-73.893147
C0266,Brooklyn,40.63253,-74.035947
C0267,Brooklyn,40.63253,-74.029997
C0268,Brooklyn,40.63253,-74.024047
C0269,Brooklyn,40.63253,-74.018097
C0270,Brooklyn,40.63253,-74.012147
C0271,Brooklyn,40.63253,-74.006197
C0272,Brooklyn,40.63253,-74.000247
C0273,Brooklyn,40.63253,-73.994297
C0274,Brooklyn,40.63253,-73.988347
C0275,Brooklyn,40.63253,-73.982397
C0276,Brooklyn,40.63253,-73.976447
C0277,Brooklyn,40.63253,-73.970497
C0278,Brooklyn,40.63253,-73.964547
C0279,Brooklyn,40.63253,-73.958597
C0280,Brooklyn,40.63253,-73.952647
C0281,Brooklyn,40.63253,-73.946697
C0282,Brooklyn,40.63253,-73.940747
C0283,Brooklyn,40.63253,-73.934797
C0284,Brooklyn,40.63253,-73.928847
C0285,Brooklyn,40.63253,-73.922897
C0286,Brooklyn,40.63253,-73.916947
C0287,Brooklyn,40.63253,-73.910997
C0288,Brooklyn,40.63253,-73.905047
C0289,Brooklyn,40.63253,-73.899097
C0290,Brooklyn,40.63253,-73.893147
C0291,Brooklyn,40.63253,-73.887197
C0292,Brooklyn,40.63253,-73.881247
C0293,Brooklyn,40.63253,-73.857447
C0294,Brooklyn,40.63703,-74.035947
C0295,Brooklyn,40.63703,-74.029997
C0296,Brooklyn,40.63703,-74.024047
C0297,Brooklyn,40.63703,-74.018097
C0298,Brooklyn,40.63703,-74.012147
C0299,Brooklyn,40.63703,-74.006197
C0300,Brooklyn,40.63703,-74.000247
C0301,Brooklyn,40.63703,-73.994297
C0302,Brooklyn,40.63703,-73.988347
C0303,Brooklyn,40.63703,-73.982397
C0304,Brooklyn,40.63703,-73.976447
C0305,Brooklyn,40.63703,-73.970497
C0306,Brooklyn,40.63703,-73.964547
C0307,Brooklyn,40.63703,-73.958597
C0308,Brooklyn,40.63703,-73.952647
C0309,Brooklyn,40.63703,-73.946697
C0310,Brooklyn,40.63703,-73.940747
C0311,Brooklyn,40.63703,-73.934797
C0312,Brooklyn,40.63703,-73.928847
C0313,Brooklyn,40.63703,-73.922897
C0314,Brooklyn,40.63703,-73.916947
C0315,Brooklyn,40.63703,-73.910997
C0316,Brooklyn,40.63703,-73.905047
C0317,Brooklyn,40.63703,-73.899097
C0318,Brooklyn,40.63703,-73.893147
C0319,Brooklyn,40.63703,-73.887197
C0320,Brooklyn,40.63703,-73.881247
C0321,Brooklyn,40.63703,-73.845547
C0322,Brooklyn,40.64153,-74.035947
C0323,Brooklyn,40.64153,-74.029997
C0324,Brooklyn,40.64153,-74.024047
C0325,Brooklyn,40.64153,-74.018097
C0326,Brooklyn,40.64153,-74.012147
C0327,Brooklyn,40.64153,-74.006197
C0328,Brooklyn,40.64153,-74.000247
C0329,Brooklyn,40.64153,-73.994297
C0330,Brooklyn,40.64153,-73.988347
C0331,Brooklyn,40.64153,-73.982397
C0332,Brooklyn,40.64153,-73.976447
C0333,Brooklyn,40.64153,-73.970497
C0334,Brooklyn,40.64153,-73.964547
C0335,Brooklyn,40.64153,-73.958597
C0336,Brooklyn,40.64153,-73.952647
C0337,Brooklyn,40.64153,-73.946697
C0338,Brooklyn,40.64153,-73.940747
C0339,Brooklyn,40.64153,-73.934797
C0340,Brooklyn,40.64153,-73.928847
C0341,Brooklyn,40.64153,-73.922897
C0342,Brooklyn,40.64153,-73.916947
C0343,Brooklyn,40.64153,-73.910997
C0344,Brooklyn,40.64153,-73.905047
C0345,Brooklyn,40.64153,-73.899097
C0346,Brooklyn,40.64153,-73.893147
C0347,Brooklyn,40.64153,-73.887197
C0348,Brooklyn,40.64153,-73.875297
C0349,Brooklyn,40.64603,-74.024047
C0350,Brooklyn,40.64603,-74.018097
C0351,Brooklyn,40.64603,-74.012147
C0352,Brooklyn,40.64603,-74.006197
C0353,Brooklyn,40.64603,-74.000247
C0354,Brooklyn,40.64603,-73.994297
C0355,Brooklyn,40.64603,-73.988347
C0356,Brooklyn,40.64603,-73.982397
C0357,Brooklyn,40.64603,-73.976447
C0358,Brooklyn,40.64603,-73.970497
C0359,Brooklyn,40.64603,-73.964547
C0360,Brooklyn,40.64603,-73.958597
C0361,Brooklyn,40.64603,-73.952647
C0362,Brooklyn,40.64603,-73.946697
C0363,Brooklyn,40.64603,-73.940747
C0364,Brooklyn,40.64603,-73.934797
C0365,Brooklyn,40.64603,-73.928847
C0366,Brooklyn,40.64603,-73.922897
C0367,Brooklyn,40.64603,-73.916947
C0368,Brooklyn,40.64603,-73.910997
C0369,Brooklyn,40.64603,-73.905047
C0370,Brooklyn,40.64603,-73.899097
C0371,Brooklyn,40.64603,-73.893147
C0372,Brooklyn,40.64603,-73.887197
C0373,Brooklyn,40.64603,-73.881247
C0374,Brooklyn,40.64603,-73.875297
C0375,Brooklyn,40.64603,-73.869347
C0376,Brooklyn,40.64603,-73.863397
C0377,Brooklyn,40.65053,-74.024047
C0378,Brooklyn,40.65053,-74.018097
C0379,Brooklyn,40.65053,-74.012147
C0380,Brooklyn,40.65053,-74.006197
C0381,Brooklyn,40.65053,-74.000247
C0382,Brooklyn,40.65053,-73.994297
C0383,Brooklyn,40.65053,-73.988347
C0384,Brooklyn,40.65053,-73.982397
C0385,Brooklyn,40.65053,-73.976447
C0386,Brooklyn,40.65053,-73.970497
C0387,Brooklyn,40.65053,-73.964547
C0388,Brooklyn,40.65053,-73.958597
C0389,Brooklyn,40.65053,-73.952647
C0390,Brooklyn,40.65053,-73.946697
C0391,Brooklyn,40.65053,-73.940747
C0392,Brooklyn,40.65053,-73.934797
C0393,Brooklyn,40.65053,-73.928847
C0394,Brooklyn,40.65053,-73.922897
C0395,Brooklyn,40.65053,-73.916947
C0396,Brooklyn,40.65053,-73.910997
C0397,Brooklyn,40.65053,-73.905047
C0398,Brooklyn,40.65053,-73.899097
C0399,Brooklyn,40.65053,-73.893147
C0400,Brooklyn,40.65053,-73.887197
C0401,Brooklyn,40.65053,-73.881247
C0402,Brooklyn,40.65053,-73.875297
C0403,Brooklyn,40.65053,-73.869347
C0404,Brooklyn,40.65053,-73.863397
C0405,Brooklyn,40.65053,-73.857447
C0406,Brooklyn,40.65503,-74.012147
C0407,Brooklyn,40.65503,-74.006197
C0408,Brooklyn,40.65503,-74.000247
C0409,Brooklyn,40.65503,-73.994297
C0410,Brooklyn,40.65503,-73.988347
C0411,Brooklyn,40.65503,-73.982397
C0412,Brooklyn,40.65503,-73.976447
C0413,Brooklyn,40.65503,-73.970497
C0414,Brooklyn,40.65503,-73.964547
C0415,Brooklyn,40.65503,-73.958597
C0416,Brooklyn,40.65503,-73.952647
C0417,Brooklyn,40.65503,-73.946697
C0418,Brooklyn,40.65503,-73.940747
C0419,Brooklyn,40.65503,-73.934797
C0420,Brooklyn,40.65503,-73.928847
C0421,Brooklyn,40.65503,-73.922897
C0422,Brooklyn,40.65503,-73.916947
C0423,Brooklyn,40.65503,-73.910997
C0424,Brooklyn,40.65503,-73.905047
C0425,Brooklyn,40.65503,-73.899097
C0426,Brooklyn,40.65503,-73.893147
C0427,Brooklyn,40.65503,-73.887197
C0428,Brooklyn,40.65503,-73.881247
C0429,Brooklyn,40.65503,-73.875297
C0430,Brooklyn,40.65503,-73.869347
C0431,Brooklyn,40.65503,-73.863397
C0432,Brooklyn,40.65953,-74.006197
C0433,Brooklyn,40.65953,-74.000247
C0434,Brooklyn,40.65953,-73.994297
C0435,Brooklyn,40.65953,-73.988347
C0436,Brooklyn,40.65953,-73.982397
C0437,Brooklyn,40.65953,-73.976447
C0438,Brooklyn,40.65953,-73.970497
C0439,Brooklyn,40.65953,-73.964547
C0440,Brooklyn,40.65953,-73.958597
C0441,Brooklyn,40.65953,-73.952647
C0442,Brooklyn,40.65953,-73.946697
C0443,Brooklyn,40.65953,-73.940747
C0444,Brooklyn,40.65953,-73.934797
C0445,Brooklyn,40.65953,-73.928847
C0446,Brooklyn,40.65953,-73.922897
C0447,Brooklyn,40.65953,-73.916947
C0448,Brooklyn,40.65953,-73.910997
C0449,Brooklyn,40.65953,-73.905047
C0450,Brooklyn,40.65953,-73.899097
C0451,Brooklyn,40.65953,-73.893147
C0452,Brooklyn,40.65953,-73.887197
C0453,Brooklyn,40.65953,-73.881247
C0454,Brooklyn,40.65953,-73.875297
C0455,Brooklyn,40.65953,-73.869347
C0456,Brooklyn,40.65953,-73.863397
C0457,Brooklyn,40.66403,-74.006197
C0458,Brooklyn,40.66403,-73.994297
C0459,Brooklyn,40.66403,-73.988347
C0460,Brooklyn,40.66403,-73.982397
C0461,Brooklyn,40.66403,-73.976447
C0462,Brooklyn,40.66403,-73.970497
C0463,Brooklyn,40.66403,-73.964547
C0464,Brooklyn,40.66403,-73.958597
C0465,Brooklyn,40.66403,-73.952647
C0466,Brooklyn,40.66403,-73.946697
C0467,Brooklyn,40.66403,-73.940747
C0468,Brooklyn,40.66403,-73.934797
C0469,Brooklyn,40.66403,-73.928847
C0470,Brooklyn,40.66403,-73.922897
C0471,Brooklyn,40.66403,-73.916947
C0472,Brooklyn,40.66403,-73.910997
C0473,Brooklyn,40.66403,-73.905047
C0474,Brooklyn,40.66403,-73.899097
C0475,Brooklyn,40.66403,-73.893147
C0476,Brooklyn,40.66403,-73.887197
C0477,Brooklyn,40.66403,-73.881247
C0478,Brooklyn,40.66403,-73.875297
C0479,Brooklyn,40.66403,-73.869347
C0480,Brooklyn,40.66403,-73.863397
C0481,Brooklyn,40.66403,-73.857447
C0482,Brooklyn,40.66853,-74.018097
C0483,Brooklyn,40.66853,-73.994297
C0484,Brooklyn,40.66853,-73.988347
C0485,Brooklyn,40.66853,-73.982397
C0486,Brooklyn,40.66853,-73.976447
C0487,Brooklyn,40.66853,-73.970497
C0488,Brooklyn,40.66853,-73.964547
C0489,Brooklyn,40.66853,-73.958597
C0490,Brooklyn,40.66853,-73.952647
C0491,Brooklyn,40.66853,-73.946697
C0492,Brooklyn,40.66853,-73.940747
C0493,Brooklyn,40.66853,-73.934797
C0494,Brooklyn,40.66853,-73.928847
C0495,Brooklyn,40.66853,-73.922897
C0496,Brooklyn,40.66853,-73.916947
C0497,Brooklyn,40.66853,-73.910997
C0498,Brooklyn,40.66853,-73.905047
C0499,Brooklyn,40.66853,-73.899097
C0500,Brooklyn,40.66853,-73.893147
C0501,Brooklyn,40.66853,-73.887197
C0502,Brooklyn,40.66853,-73.881247
C0503,Brooklyn,40.66853,-73.875297
C0504,Brooklyn,40.66853,-73.869347
C0505,Brooklyn,40.66853,-73.863397
C0506,Brooklyn,40.66853,-73.857447
C0507,Brooklyn,40.67303,-74.012147
C0508,Brooklyn,40.67303,-74.006197
C0509,Brooklyn,40.67303,-74.000247
C0510,Brooklyn,40.67303,-73.994297
C0511,Brooklyn,40.67303,-73.988347
C0512,Brooklyn,40.67303,-73.982397
C0513,Brooklyn,40.67303,-73.976447
C0514,Brooklyn,40.67303,-73.970497
C0515,Brooklyn,40.67303,-73.964547
C0516,Brooklyn,40.67303,-73.958597
C0517,Brooklyn,40.67303,-73.952647
C0518,Brooklyn,40.67303,-73.946697
C0519,Brooklyn,40.67303,-73.940747
C0520,Brooklyn,40.67303,-73.934797
C0521,Brooklyn,40.67303,-73.928847
C0522,Brooklyn,40.67303,-73.922897
C0523,Brooklyn,40.67303,-73.916947
C0524,Brooklyn,40.67303,-73.910997
C0525,Brooklyn,40.67303,-73.905047
C0526,Brooklyn,40.67303,-73.899097
C0527,Brooklyn,40.67303,-73.893147
C0528,Brooklyn,40.67303,-73.887197
C0529,Brooklyn,40.67303,-73.881247
C0530,Brooklyn,40.67303,-73.875297
C0531,Brooklyn,40.67303,-73.869347
C0532,Brooklyn,40.67303,-73.863397
C0533,Brooklyn,40.67753,-74.018097
C0534,Brooklyn,40.67753,-74.012147
C0535,Brooklyn,40.67753,-74.006197
C0536,Brooklyn,40.67753,-74.000247
C0537,Brooklyn,40.67753,-73.994297
C0538,Brooklyn,40.67753,-73.988347
C0539,Brooklyn,40.67753,-73.982397
C0540,Brooklyn,40.67753,-73.976447
C0541,Brooklyn,40.67753,-73.970497
C0542,Brooklyn,40.67753,-73.964547
C0543,Brooklyn,40.67753,-73.958597
C0544,Brooklyn,40.67753,-73.952647
C0545,Brooklyn,40.67753,-73.946697
C0546,Brooklyn,40.67753,-73.940747
C0547,Brooklyn,40.67753,-73.934797
C0548,Brooklyn,40.67753,-73.928847
C0549,Brooklyn,40.67753,-73.922897
C0550,Brooklyn,40.67753,-73.916947
C0551,Brooklyn,40.67753,-73.910997
C0552,Brooklyn,40.67753,-73.905047
C0553,Brooklyn,40.67753,-73.899097
C0554,Brooklyn,40.67753,-73.893147
C0555,Brooklyn,40.67753,-73.887197
C0556,Brooklyn,40.67753,-73.881247
C0557,Brooklyn,40.67753,-73.875297
C0558,Brooklyn,40.67753,-73.869347
C0559,Brooklyn,40.67753,-73.863397
C0560,Brooklyn,40.68203,-74.006197
C0561,Brooklyn,40.68203,-74.000247
C0562,Brooklyn,40.68203,-73.994297
C0563,Brooklyn,40.68203,-73.988347
C0564,Brooklyn,40.68203,-73.982397
C0565,Brooklyn,40.68203,-73.976447
C0566,Brooklyn,40.68203,-73.970497
C0567,Brooklyn,40.68203,-73.964547
C0568,Brooklyn,40.68203,-73.958597
C0569,Brooklyn,40.68203,-73.952647
C0570,Brooklyn,40.68203,-73.946697
C0571,Brooklyn,40.68203,-73.940747
C0572,Brooklyn,40.68203,-73.934797
C0573,Brooklyn,40.68203,-73.928847
C0574,Brooklyn,40.68203,-73.922897
C0575,Brooklyn,40.68203,-73.916947
C0576,Brooklyn,40.68203,-73.910997
C0577,Brooklyn,40.68203,-73.905047
C0578,Brooklyn,40.68203,-73.899097
C0579,Brooklyn,40.68203,-73.893147
C0580,Brooklyn,40.68203,-73.887197
C0581,Brooklyn,40.68203,-73.881247
C0582,Brooklyn,40.68203,-73.875297
C0583,Brooklyn,40.68203,-73.869347
C0584,Brooklyn,40.68653,-74.000247
C0585,Brooklyn,40.68653,-73.994297
C0586,Brooklyn,40.68653,-73.988347
C0587,Brooklyn,40.68653,-73.982397
C0588,Brooklyn,40.68653,-73.976447
C0589,Brooklyn,40.68653,-73.970497
C0590,Brooklyn,40.68653,-73.964547
C0591,Brooklyn,40.68653,-73.958597
C0592,Brooklyn,40.68653,-73.952647
C0593,Brooklyn,40.68653,-73.946697
C0594,Brooklyn,40.68653,-73.940747
C0595,Brooklyn,40.68653,-73.934797
C0596,Brooklyn,40.68653,-73.928847
C0597,Brooklyn,40.68653,-73.922897
C0598,Brooklyn,40.68653,-73.916947
C0599,Brooklyn,40.68653,-73.910997
C0600,Brooklyn,40.68653,-73.905047
C0601,Brooklyn,40.68653,-73.881247
C0602,Brooklyn,40.68653,-73.875297
C0603,Brooklyn,40.68653,-73.869347
C0604,Brooklyn,40.69103,-74.000247
C0605,Brooklyn,40.69103,-73.994297
C0606,Brooklyn,40.69103,-73.988347
C0607,Brooklyn,40.69103,-73.982397
C0608,Brooklyn,40.69103,-73.976447
C0609,Brooklyn,40.69103,-73.970497
C0610,Brooklyn,40.69103,-73.964547
C0611,Brooklyn,40.69103,-73.958597
C0612,Brooklyn,40.69103,-73.952647
C0613,Brooklyn,40.69103,-73.946697
C0614,Brooklyn,40.69103,-73.940747
C0615,Brooklyn,40.69103,-73.934797
C0616,Brooklyn,40.69103,-73.928847
C0617,Brooklyn,40.69103,-73.922897
C0618,Brooklyn,40.69103,-73.916947
C0619,Brooklyn,40.69103,-73.910997
C0620,Brooklyn,40.69103,-73.905047
C0621,Brooklyn,40.69103,-73.875297
C0622,Brooklyn,40.69103,-73.869347
C0623,Brooklyn,40.69553,-73.994297
C0624,Brooklyn,40.69553,-73.988347
C0625,Brooklyn,40.69553,-73.982397
C0626,Brooklyn,40.69553,-73.976447
C0627,Brooklyn,40.69553,-73.970497
C0628,Brooklyn,40.69553,-73.964547
C0629,Brooklyn,40.69553,-73.958597
C0630,Brooklyn,40.69553,-73.952647
C0631,Brooklyn,40.69553,-73.946697
C0632,Brooklyn,40.69553,-73.940747
C0633,Brooklyn,40.69553,-73.934797
C0634,Brooklyn,40.69553,-73.928847
C0635,Brooklyn,40.69553,-73.922897
C0636,Brooklyn,40.69553,-73.916947
C0637,Brooklyn,40.69553,-73.910997
C0638,Brooklyn,40.69553,-73.905047
C0639,Brooklyn,40.70003,-73.994297
C0640,Brooklyn,40.70003,-73.988347
C0641,Brooklyn,40.70003,-73.982397
C0642,Brooklyn,40.70003,-73.976447
C0643,Brooklyn,40.70003,-73.970497
C0644,Brooklyn,40.70003,-73.964547
C0645,Brooklyn,40.70003,-73.958597
C0646,Brooklyn,40.70003,-73.952647
C0647,Brooklyn,40.70003,-73.946697
C0648,Brooklyn,40.70003,-73.940747
C0649,Brooklyn,40.70003,-73.934797
C0650,Brooklyn,40.70003,-73.928847
C0651,Brooklyn,40.70003,-73.922897
C0652,Brooklyn,40.70003,-73.916947
C0653,Brooklyn,40.70453,-73.988347
C0654,Brooklyn,40.70453,-73.982397
C0655,Brooklyn,40.70453,-73.970497
C0656,Brooklyn,40.70453,-73.964547
C0657,Brooklyn,40.70453,-73.958597
C0658,Brooklyn,40.70453,-73.952647
C0659,Brooklyn,40.70453,-73.946697
C0660,Brooklyn,40.70453,-73.940747
C0661,Brooklyn,40.70453,-73.934797
C0662,Brooklyn,40.70453,-73.928847
C0663,Brooklyn,40.70453,-73.922897
C0664,Brooklyn,40.70453,-73.916947
C0665,Brooklyn,40.70903,-73.964547
C0666,Brooklyn,40.70903,-73.958597
C0667,Brooklyn,40.70903,-73.952647
C0668,Brooklyn,40.70903,-73.946697
C0669,Brooklyn,40.70903,-73.940747
C0670,Brooklyn,40.70903,-73.934797
C0671,Brooklyn,40.70903,-73.928847
C0672,Brooklyn,40.70903,-73.922897
C0673,Brooklyn,40.71353,-73.964547
C0674,Brooklyn,40.71353,-73.958597
C0675,Brooklyn,40.71353,-73.952647
C0676,Brooklyn,40.71353,-73.946697
C0677,Brooklyn,40.71353,-73.940747
C0678,Brooklyn,40.71353,-73.934797
C0679,Brooklyn,40.71353,-73.928847
C0680,Brooklyn,40.71803,-73.964547
C0681,Brooklyn,40.71803,-73.958597
C0682,Brooklyn,40.71803,-73.952647
C0683,Brooklyn,40.71803,-73.946697
C0684,Brooklyn,40.71803,-73.940747
C0685,Brooklyn,40.71803,-73.934797
C0686,Brooklyn,40.71803,-73.928847
C0687,Brooklyn,40.72253,-73.958597
C0688,Brooklyn,40.72253,-73.952647
C0689,Brooklyn,40.72253,-73.946697
C0690,Brooklyn,40.72253,-73.940747
C0691,Brooklyn,40.72253,-73.934797
C0692,Brooklyn,40.72253,-73.928847
C0693,Brooklyn,40.72703,-73.958597
C0694,Brooklyn,40.72703,-73.952647
C0695,Brooklyn,40.72703,-73.946697
C0696,Brooklyn,40.72703,-73.940747
C0697,Brooklyn,40.72703,-73.934797
C0698,Brooklyn,40.73153,-73.958597
C0699,Brooklyn,40.73153,-73.952647
C0700,Brooklyn,40.73153,-73.946697
C0701,Brooklyn,40.73153,-73.940747
C0702,Brooklyn,40.73603,-73.958597
C0703,Brooklyn,40.73603,-73.952647
C0704,Manhattan,40.687417,-74.02393
C0705,Manhattan,40.687417,-74.01798
C0706,Manhattan,40.687417,-74.00608
C0707,Manhattan,40.691917,-74.01798
C0708,Manhattan,40.700917,-74.01203
C0709,Manhattan,40.705417,-74.01798
C0710,Manhattan,40.705417,-74.01203
C0711,Manhattan,40.705417,-74.00608
C0712,Manhattan,40.709917,-74.01798
C0713,Manhattan,40.709917,-74.01203
C0714,Manhattan,40.709917,-74.00608
C0715,Manhattan,40.709917,-74.00013
C0716,Manhattan,40.709917,-73.99418
C0717,Manhattan,40.709917,-73.98823
C0718,Manhattan,40.709917,-73.98228
C0719,Manhattan,40.714417,-74.01203
C0720,Manhattan,40.714417,-74.00608
C0721,Manhattan,40.714417,-74.00013
C0722,Manhattan,40.714417,-73.99418
C0723,Manhattan,40.714417,-73.98823
C0724,Manhattan,40.714417,-73.98228
C0725,Manhattan,40.714417,-73.97633
C0726,Manhattan,40.718917,-74.01203
C0727,Manhattan,40.718917,-74.00608
C0728,Manhattan,40.718917,-74.00013
C0729,Manhattan,40.718917,-73.99418
C0730,Manhattan,40.718917,-73.98823
C0731,Manhattan,40.718917,-73.98228
C0732,Manhattan,40.718917,-73.97633
C0733,Manhattan,40.723417,-74.01203
C0734,Manhattan,40.723417,-74.00608
C0735,Manhattan,40.723417,-74.00013
C0736,Manhattan,40.723417,-73.99418
C0737,Manhattan,40.723417,-73.98823
C0738,Manhattan,40.723417,-73.98228
C0739,Manhattan,40.723417,-73.97633
C0740,Manhattan,40.727917,-74.00608
C0741,Manhattan,40.727917,-74.00013
C0742,Manhattan,40.727917,-73.99418
C0743,Manhattan,40.727917,-73.98823
C0744,Manhattan,40.727917,-73.98228
C0745,Manhattan,40.727917,-73.97633
C0746,Manhattan,40.732417,-74.00608
C0747,Manhattan,40.732417,-74.00013
C0748,Manhattan,40.732417,-73.99418
C0749,Manhattan,40.732417,-73.98823
C0750,Manhattan,40.732417,-73.98228
C0751,Manhattan,40.732417,-73.97633
C0752,Manhattan,40.736917,-74.00608
C0753,Manhattan,40.736917,-74.00013
C0754,Manhattan,40.736917,-73.99418
C0755,Manhattan,40.736917,-73.98823
C0756,Manhattan,40.736917,-73.98228
C0757,Manhattan,40.736917,-73.97633
C0758,Manhattan,40.741417,-74.00608
C0759,Manhattan,40.741417,-74.00013
C0760,Manhattan,40.741417,-73.99418
C0761,Manhattan,40.741417,-73.98823
C0762,Manhattan,40.741417,-73.98228
C0763,Manhattan,40.741417,-73.97633
C0764,Manhattan,40.745917,-74.00608
C0765,Manhattan,40.745917,-74.00013
C0766,Manhattan,40.745917,-73.99418
C0767,Manhattan,40.745917,-73.98823
C0768,Manhattan,40.745917,-73.98228
C0769,Manhattan,40.745917,-73.97633
C0770,Manhattan,40.745917,-73.97038
C0771,Manhattan,40.750417,-74.00608
C0772,Manhattan,40.750417,-74.00013
C0773,Manhattan,40.750417,-73.99418
C0774,Manhattan,40.750417,-73.98823
C0775,Manhattan,40.750417,-73.98228
C0776,Manhattan,40.750417,-73.97633
C0777,Manhattan,40.750417,-73.97038
C0778,Manhattan,40.754917,-74.00608
C0779,Manhattan,40.754917,-74.00013
C0780,Manhattan,40.754917,-73.99418
C0781,Manhattan,40.754917,-73.98823
C0782,Manhattan,40.754917,-73.98228
C0783,Manhattan,40.754917,-73.97633
C0784,Manhattan,40.754917,-73.97038
C0785,Manhattan,40.754917,-73.96443
C0786,Manhattan,40.759417,-74.00608
C0787,Manhattan,40.759417,-74.00013
C0788,Manhattan,40.759417,-73.99418
C0789,Manhattan,40.759417,-73.98823
C0790,Manhattan,40.759417,-73.98228
C0791,Manhattan,40.759417,-73.97633
C0792,Manhattan,40.759417,-73.97038
C0793,Manhattan,40.759417,-73.96443
C0794,Manhattan,40.759417,-73.95848
C0795,Manhattan,40.759417,-73.95253
C0796,Manhattan,40.763917,-73.99418
C0797,Manhattan,40.763917,-73.98823
C0798,Manhattan,40.763917,-73.98228
C0799,Manhattan,40.763917,-73.97633
C0800,Manhattan,40.763917,-73.97038
C0801,Manhattan,40.763917,-73.96443
C0802,Manhattan,40.763917,-73.95848
C0803,Manhattan,40.763917,-73.94658
C0804,Manhattan,40.768417,-73.99418
C0805,Manhattan,40.768417,-73.98823
C0806,Manhattan,40.768417,-73.98228
C0807,Manhattan,40.768417,-73.97633
C0808,Manhattan,40.768417,-73.97038
C0809,Manhattan,40.768417,-73.96443
C0810,Manhattan,40.768417,-73.95848
C0811,Manhattan,40.768417,-73.95253
C0812,Manhattan,40.772917,-73.98823
C0813,Manhattan,40.772917,-73.98228
C0814,Manhattan,40.772917,-73.97633
C0815,Manhattan,40.772917,-73.97038
C0816,Manhattan,40.772917,-73.96443
C0817,Manhattan,40.772917,-73.95848
C0818,Manhattan,40.772917,-73.95253
C0819,Manhattan,40.772917,-73.94658
C0820,Manhattan,40.777417,-73.98823
C0821,Manhattan,40.777417,-73.98228
C0822,Manhattan,40.777417,-73.97633
C0823,Manhattan,40.777417,-73.97038
C0824,Manhattan,40.777417,-73.96443
C0825,Manhattan,40.777417,-73.95848
C0826,Manhattan,40.777417,-73.95253
C0827,Manhattan,40.777417,-73.94658
C0828,Manhattan,40.781917,-73.98228
C0829,Manhattan,40.781917,-73.97633
C0830,Manhattan,40.781917,-73.97038
C0831,Manhattan,40.781917,-73.96443
C0832,Manhattan,40.781917,-73.95848
C0833,Manhattan,40.781917,-73.95253
C0834,Manhattan,40.781917,-73.94658
C0835,Manhattan,40.781917,-73.92873
C0836,Manhattan,40.786417,-73.98228
C0837,Manhattan,40.786417,-73.97633
C0838,Manhattan,40.786417,-73.97038
C0839,Manhattan,40.786417,-73.96443
C0840,Manhattan,40.786417,-73.95848
C0841,Manhattan,40.786417,-73.95253
C0842,Manhattan,40.786417,-73.94658
C0843,Manhattan,40.786417,-73.94063
C0844,Manhattan,40.786417,-73.93468
C0845,Manhattan,40.786417,-73.92873
C0846,Manhattan,40.786417,-73.92278
C0847,Manhattan,40.790917,-73.97633
C0848,Manhattan,40.790917,-73.97038
C0849,Manhattan,40.790917,-73.96443
C0850,Manhattan,40.790917,-73.95848
C0851,Manhattan,40.790917,-73.95253
C0852,Manhattan,40.790917,-73.94658
C0853,Manhattan,40.790917,-73.94063
C0854,Manhattan,40.790917,-73.92873
C0855,Manhattan,40.790917,-73.92278
C0856,Manhattan,40.790917,-73.91683
C0857,Manhattan,40.795417,-73.97633
C0858,Manhattan,40.795417,-73.97038
C0859,Manhattan,40.795417,-73.96443
C0860,Manhattan,40.795417,-73.95848
C0861,Manhattan,40.795417,-73.95253
C0862,Manhattan,40.795417,-73.94658
C0863,Manhattan,40.795417,-73.94063
C0864,Manhattan,40.795417,-73.93468
C0865,Manhattan,40.795417,-73.92278
C0866,Manhattan,40.795417,-73.91683
C0867,Manhattan,40.799917,-73.97038
C0868,Manhattan,40.799917,-73.96443
C0869,Manhattan,40.799917,-73.95848
C0870,Manhattan,40.799917,-73.95253
C0871,Manhattan,40.799917,-73.94658
C0872,Manhattan,40.799917,-73.94063
C0873,Manhattan,40.799917,-73.93468
C0874,Manhattan,40.799917,-73.92278
C0875,Manhattan,40.804417,-73.97038
C0876,Manhattan,40.804417,-73.96443
C0877,Manhattan,40.804417,-73.95848
C0878,Manhattan,40.804417,-73.95253
C0879,Manhattan,40.804417,-73.94658
C0880,Manhattan,40.804417,-73.94063
C0881,Manhattan,40.804417,-73.93468
C0882,Manhattan,40.808917,-73.96443
C0883,Manhattan,40.808917,-73.95848
C0884,Manhattan,40.808917,-73.95253
C0885,Manhattan,40.808917,-73.94658
C0886,Manhattan,40.808917,-73.94063
C0887,Manhattan,40.808917,-73.93468
C0888,Manhattan,40.813417,-73.96443
C0889,Manhattan,40.813417,-73.95848
C0890,Manhattan,40.813417,-73.95253
C0891,Manhattan,40.813417,-73.94658
C0892,Manhattan,40.813417,-73.94063
C0893,Manhattan,40.813417,-73.93468
C0894,Manhattan,40.817917,-73.95848
C0895,Manhattan,40.817917,-73.95253
C0896,Manhattan,40.817917,-73.94658
C0897,Manhattan,40.817917,-73.94063
C0898,Manhattan,40.817917,-73.93468
C0899,Manhattan,40.822417,-73.95253
C0900,Manhattan,40.822417,-73.94658
C0901,Manhattan,40.822417,-73.94063
C0902,Manhattan,40.822417,-73.93468
C0903,Manhattan,40.826917,-73.95253
C0904,Manhattan,40.826917,-73.94658
C0905,Manhattan,40.826917,-73.94063
C0906,Manhattan,40.826917,-73.93468
C0907,Manhattan,40.831417,-73.94658
C0908,Manhattan,40.831417,-73.94063
C0909,Manhattan,40.835917,-73.94658
C0910,Manhattan,40.835917,-73.94063
C0911,Manhattan,40.835917,-73.93468
C0912,Manhattan,40.840417,-73.94658
C0913,Manhattan,40.840417,-73.94063
C0914,Manhattan,40.840417,-73.93468
C0915,Manhattan,40.844917,-73.94063
C0916,Manhattan,40.844917,-73.93468
C0917,Manhattan,40.849417,-73.94658
C0918,Manhattan,40.849417,-73.94063
C0919,Manhattan,40.849417,-73.93468
C0920,Manhattan,40.849417,-73.92873
C0921,Manhattan,40.853917,-73.94063
C0922,Manhattan,40.853917,-73.93468
C0923,Manhattan,40.853917,-73.92873
C0924,Manhattan,40.858417,-73.93468
C0925,Manhattan,40.858417,-73.92873
C0926,Manhattan,40.858417,-73.92278
C0927,Manhattan,40.862917,-73.93468
C0928,Manhattan,40.862917,-73.92873
C0929,Manhattan,40.862917,-73.92278
C0930,Manhattan,40.862917,-73.91683
C0931,Manhattan,40.867417,-73.92873
C0932,Manhattan,40.867417,-73.92278
C0933,Manhattan,40.867417,-73.91683
C0934,Manhattan,40.871917,-73.92873
C0935,Manhattan,40.871917,-73.92278
C0936,Manhattan,40.871917,-73.91683
C0937,Manhattan,40.871917,-73.91088
C0938,Manhattan,40.876417,-73.92278
C0939,Manhattan,40.876417,-73.91088
